2025-12-24 18:09:00,580 | INFO     | Config:
exp_name: WW_spressure_N10k_lr1e-3_e250
model:
  input_dim: 3
  output_dim: 1
  head_num: 8
  hidden_dim: 256
  res: true
  slice_num: 32
  layer_num: 5
  mlp_ratio: 1.5
  dropout: 0.1
training:
  target: y_pres
  x_mean:
  - 1.5160021
  - -5.4310558e-06
  - 0.58746094
  x_std:
  - 1.415669
  - 0.65769494
  - 0.38634354
  y_mean: -95.576584
  y_std: 123.44368
  batch_size: 1
  epochs: 250
  lr: 0.001
  scheduler_step: 50
  scheduler_gamma: 0.5
  max_grad_norm: 0.1
  num_workers: 1
  weight_decay: 0.0
  test_only: 0
  gpus: '0'
  seed: 42
dataload:
  directory: /mnt/wjc_group/mae-zhangbj/DrivAerNet++_dataset/E_S_WW_WM

2025-12-24 18:09:00,580 | INFO     | args.exp_name : WW_spressure_N10k_lr1e-3_e250
2025-12-24 18:09:00,580 | INFO     | Starting training with 1 GPUs
2025-12-24 18:09:01,553 | INFO     | Total trainable parameters: 3381321
2025-12-24 18:09:01,553 | INFO     | Data loaded: 464 training batches, 118 validation batches, 110 test batches
2025-12-24 18:09:01,554 | INFO     | Staring training for 250 epochs
2025-12-24 18:17:32,825 | INFO     | Epoch 1/250 - Train Loss: 0.802561, Val Loss: 0.458651[0m
2025-12-24 18:17:32,854 | INFO     | New best model saved with Val Loss: 0.458651
2025-12-24 18:28:46,639 | INFO     | Epoch 2/250 - Train Loss: 0.420422, Val Loss: 0.426248[0m
2025-12-24 18:28:46,694 | INFO     | New best model saved with Val Loss: 0.426248
2025-12-24 18:40:00,078 | INFO     | Epoch 3/250 - Train Loss: 0.385777, Val Loss: 0.372339[0m
2025-12-24 18:40:00,129 | INFO     | New best model saved with Val Loss: 0.372339
2025-12-24 18:51:13,437 | INFO     | Epoch 4/250 - Train Loss: 0.362600, Val Loss: 0.354269[0m
2025-12-24 18:51:13,495 | INFO     | New best model saved with Val Loss: 0.354269
2025-12-24 19:02:26,846 | INFO     | Epoch 5/250 - Train Loss: 0.340721, Val Loss: 0.326926[0m
2025-12-24 19:02:26,893 | INFO     | New best model saved with Val Loss: 0.326926
2025-12-24 19:13:38,704 | INFO     | Epoch 6/250 - Train Loss: 0.327745, Val Loss: 0.350612[0m
2025-12-24 19:24:50,427 | INFO     | Epoch 7/250 - Train Loss: 0.315742, Val Loss: 0.305589[0m
2025-12-24 19:24:50,483 | INFO     | New best model saved with Val Loss: 0.305589
2025-12-24 19:36:02,191 | INFO     | Epoch 8/250 - Train Loss: 0.290255, Val Loss: 0.270011[0m
2025-12-24 19:36:02,244 | INFO     | New best model saved with Val Loss: 0.270011
2025-12-24 19:47:14,084 | INFO     | Epoch 9/250 - Train Loss: 0.258940, Val Loss: 0.274878[0m
2025-12-24 19:58:25,928 | INFO     | Epoch 10/250 - Train Loss: 0.240171, Val Loss: 0.221824[0m
2025-12-24 19:58:25,971 | INFO     | New best model saved with Val Loss: 0.221824
2025-12-24 20:09:37,788 | INFO     | Epoch 11/250 - Train Loss: 0.218972, Val Loss: 0.219204[0m
2025-12-24 20:09:37,843 | INFO     | New best model saved with Val Loss: 0.219204
2025-12-24 20:20:49,558 | INFO     | Epoch 12/250 - Train Loss: 0.207986, Val Loss: 0.227188[0m
2025-12-24 20:32:01,304 | INFO     | Epoch 13/250 - Train Loss: 0.200176, Val Loss: 0.211999[0m
2025-12-24 20:32:01,357 | INFO     | New best model saved with Val Loss: 0.211999
2025-12-24 20:43:13,007 | INFO     | Epoch 14/250 - Train Loss: 0.189851, Val Loss: 0.190964[0m
2025-12-24 20:43:13,059 | INFO     | New best model saved with Val Loss: 0.190964
2025-12-24 20:54:24,637 | INFO     | Epoch 15/250 - Train Loss: 0.183653, Val Loss: 0.177498[0m
2025-12-24 20:54:24,685 | INFO     | New best model saved with Val Loss: 0.177498
2025-12-24 21:05:36,308 | INFO     | Epoch 16/250 - Train Loss: 0.174598, Val Loss: 0.163343[0m
2025-12-24 21:05:36,360 | INFO     | New best model saved with Val Loss: 0.163343
2025-12-24 21:16:48,028 | INFO     | Epoch 17/250 - Train Loss: 0.163218, Val Loss: 0.149669[0m
2025-12-24 21:16:48,080 | INFO     | New best model saved with Val Loss: 0.149669
2025-12-24 21:27:59,743 | INFO     | Epoch 18/250 - Train Loss: 0.154588, Val Loss: 0.162355[0m
2025-12-24 21:39:11,492 | INFO     | Epoch 19/250 - Train Loss: 0.149684, Val Loss: 0.154062[0m
2025-12-24 21:50:23,179 | INFO     | Epoch 20/250 - Train Loss: 0.144131, Val Loss: 0.140815[0m
2025-12-24 21:50:23,228 | INFO     | New best model saved with Val Loss: 0.140815
2025-12-24 22:01:34,842 | INFO     | Epoch 21/250 - Train Loss: 0.137768, Val Loss: 0.138537[0m
2025-12-24 22:01:34,894 | INFO     | New best model saved with Val Loss: 0.138537
2025-12-24 22:12:46,615 | INFO     | Epoch 22/250 - Train Loss: 0.136237, Val Loss: 0.130493[0m
2025-12-24 22:12:46,674 | INFO     | New best model saved with Val Loss: 0.130493
2025-12-24 22:23:58,385 | INFO     | Epoch 23/250 - Train Loss: 0.130205, Val Loss: 0.118107[0m
2025-12-24 22:23:58,441 | INFO     | New best model saved with Val Loss: 0.118107
2025-12-24 22:35:10,062 | INFO     | Epoch 24/250 - Train Loss: 0.126914, Val Loss: 0.125602[0m
2025-12-24 22:46:21,863 | INFO     | Epoch 25/250 - Train Loss: 0.123789, Val Loss: 0.124748[0m
2025-12-24 22:57:33,625 | INFO     | Epoch 26/250 - Train Loss: 0.119708, Val Loss: 0.117463[0m
2025-12-24 22:57:33,677 | INFO     | New best model saved with Val Loss: 0.117463
2025-12-24 23:08:45,343 | INFO     | Epoch 27/250 - Train Loss: 0.115280, Val Loss: 0.114280[0m
2025-12-24 23:08:45,395 | INFO     | New best model saved with Val Loss: 0.114280
2025-12-24 23:19:57,006 | INFO     | Epoch 28/250 - Train Loss: 0.114339, Val Loss: 0.117845[0m
2025-12-24 23:31:08,419 | INFO     | Epoch 29/250 - Train Loss: 0.112296, Val Loss: 0.119217[0m
2025-12-24 23:42:19,766 | INFO     | Epoch 30/250 - Train Loss: 0.107499, Val Loss: 0.106580[0m
2025-12-24 23:42:19,815 | INFO     | New best model saved with Val Loss: 0.106580
2025-12-24 23:53:31,250 | INFO     | Epoch 31/250 - Train Loss: 0.106366, Val Loss: 0.101699[0m
2025-12-24 23:53:31,293 | INFO     | New best model saved with Val Loss: 0.101699
2025-12-25 00:04:42,566 | INFO     | Epoch 32/250 - Train Loss: 0.102512, Val Loss: 0.107647[0m
2025-12-25 00:15:54,034 | INFO     | Epoch 33/250 - Train Loss: 0.099693, Val Loss: 0.093528[0m
2025-12-25 00:15:54,087 | INFO     | New best model saved with Val Loss: 0.093528
2025-12-25 00:27:05,358 | INFO     | Epoch 34/250 - Train Loss: 0.097868, Val Loss: 0.093228[0m
2025-12-25 00:27:05,413 | INFO     | New best model saved with Val Loss: 0.093228
2025-12-25 00:38:16,733 | INFO     | Epoch 35/250 - Train Loss: 0.094370, Val Loss: 0.086583[0m
2025-12-25 00:38:16,790 | INFO     | New best model saved with Val Loss: 0.086583
2025-12-25 00:49:28,166 | INFO     | Epoch 36/250 - Train Loss: 0.091981, Val Loss: 0.091778[0m
2025-12-25 01:00:39,533 | INFO     | Epoch 37/250 - Train Loss: 0.089901, Val Loss: 0.090975[0m
2025-12-25 01:11:50,876 | INFO     | Epoch 38/250 - Train Loss: 0.091013, Val Loss: 0.088299[0m
2025-12-25 01:23:02,128 | INFO     | Epoch 39/250 - Train Loss: 0.088988, Val Loss: 0.092680[0m
2025-12-25 01:34:13,432 | INFO     | Epoch 40/250 - Train Loss: 0.086206, Val Loss: 0.084556[0m
2025-12-25 01:34:13,489 | INFO     | New best model saved with Val Loss: 0.084556
2025-12-25 01:45:24,731 | INFO     | Epoch 41/250 - Train Loss: 0.084412, Val Loss: 0.087836[0m
2025-12-25 01:56:35,942 | INFO     | Epoch 42/250 - Train Loss: 0.083527, Val Loss: 0.082317[0m
2025-12-25 01:56:35,996 | INFO     | New best model saved with Val Loss: 0.082317
2025-12-25 02:07:47,191 | INFO     | Epoch 43/250 - Train Loss: 0.082516, Val Loss: 0.079323[0m
2025-12-25 02:07:47,232 | INFO     | New best model saved with Val Loss: 0.079323
2025-12-25 02:18:58,553 | INFO     | Epoch 44/250 - Train Loss: 0.079840, Val Loss: 0.083342[0m
2025-12-25 02:30:09,760 | INFO     | Epoch 45/250 - Train Loss: 0.078626, Val Loss: 0.073547[0m
2025-12-25 02:30:09,816 | INFO     | New best model saved with Val Loss: 0.073547
2025-12-25 02:41:21,067 | INFO     | Epoch 46/250 - Train Loss: 0.077422, Val Loss: 0.080402[0m
2025-12-25 02:52:32,232 | INFO     | Epoch 47/250 - Train Loss: 0.075563, Val Loss: 0.075002[0m
2025-12-25 03:03:43,558 | INFO     | Epoch 48/250 - Train Loss: 0.076411, Val Loss: 0.081085[0m
2025-12-25 03:14:54,834 | INFO     | Epoch 49/250 - Train Loss: 0.074132, Val Loss: 0.075272[0m
2025-12-25 03:26:06,112 | INFO     | Epoch 50/250 - Train Loss: 0.074522, Val Loss: 0.071736[0m
2025-12-25 03:26:06,164 | INFO     | New best model saved with Val Loss: 0.071736
2025-12-25 03:37:17,547 | INFO     | Epoch 51/250 - Train Loss: 0.061978, Val Loss: 0.060750[0m
2025-12-25 03:37:17,599 | INFO     | New best model saved with Val Loss: 0.060750
2025-12-25 03:48:28,812 | INFO     | Epoch 52/250 - Train Loss: 0.061390, Val Loss: 0.061937[0m
2025-12-25 03:59:40,157 | INFO     | Epoch 53/250 - Train Loss: 0.060893, Val Loss: 0.060301[0m
2025-12-25 03:59:40,210 | INFO     | New best model saved with Val Loss: 0.060301
2025-12-25 04:10:51,404 | INFO     | Epoch 54/250 - Train Loss: 0.060313, Val Loss: 0.061218[0m
2025-12-25 04:22:02,578 | INFO     | Epoch 55/250 - Train Loss: 0.060137, Val Loss: 0.059028[0m
2025-12-25 04:22:02,629 | INFO     | New best model saved with Val Loss: 0.059028
2025-12-25 04:33:13,952 | INFO     | Epoch 56/250 - Train Loss: 0.059300, Val Loss: 0.063000[0m
2025-12-25 04:44:25,202 | INFO     | Epoch 57/250 - Train Loss: 0.059584, Val Loss: 0.061691[0m
2025-12-25 04:55:35,971 | INFO     | Epoch 58/250 - Train Loss: 0.059224, Val Loss: 0.063805[0m
2025-12-25 05:06:46,941 | INFO     | Epoch 59/250 - Train Loss: 0.058238, Val Loss: 0.057538[0m
2025-12-25 05:06:46,993 | INFO     | New best model saved with Val Loss: 0.057538
2025-12-25 05:17:57,928 | INFO     | Epoch 60/250 - Train Loss: 0.057773, Val Loss: 0.058866[0m
2025-12-25 05:29:08,859 | INFO     | Epoch 61/250 - Train Loss: 0.057271, Val Loss: 0.057400[0m
2025-12-25 05:29:08,912 | INFO     | New best model saved with Val Loss: 0.057400
2025-12-25 05:40:19,885 | INFO     | Epoch 62/250 - Train Loss: 0.057260, Val Loss: 0.057852[0m
2025-12-25 05:51:30,960 | INFO     | Epoch 63/250 - Train Loss: 0.056898, Val Loss: 0.058394[0m
2025-12-25 06:02:42,025 | INFO     | Epoch 64/250 - Train Loss: 0.056380, Val Loss: 0.058503[0m
2025-12-25 06:13:52,995 | INFO     | Epoch 65/250 - Train Loss: 0.056313, Val Loss: 0.058112[0m
2025-12-25 06:25:04,018 | INFO     | Epoch 66/250 - Train Loss: 0.055732, Val Loss: 0.055804[0m
2025-12-25 06:25:04,071 | INFO     | New best model saved with Val Loss: 0.055804
2025-12-25 06:36:15,110 | INFO     | Epoch 67/250 - Train Loss: 0.055732, Val Loss: 0.055883[0m
2025-12-25 06:47:26,111 | INFO     | Epoch 68/250 - Train Loss: 0.055001, Val Loss: 0.058132[0m
2025-12-25 06:58:37,061 | INFO     | Epoch 69/250 - Train Loss: 0.054522, Val Loss: 0.057875[0m
2025-12-25 07:09:47,988 | INFO     | Epoch 70/250 - Train Loss: 0.054089, Val Loss: 0.054900[0m
2025-12-25 07:09:48,044 | INFO     | New best model saved with Val Loss: 0.054900
2025-12-25 07:20:59,023 | INFO     | Epoch 71/250 - Train Loss: 0.054105, Val Loss: 0.054967[0m
2025-12-25 07:32:10,009 | INFO     | Epoch 72/250 - Train Loss: 0.053581, Val Loss: 0.054261[0m
2025-12-25 07:32:10,056 | INFO     | New best model saved with Val Loss: 0.054261
2025-12-25 07:43:21,063 | INFO     | Epoch 73/250 - Train Loss: 0.053115, Val Loss: 0.056873[0m
2025-12-25 07:54:32,047 | INFO     | Epoch 74/250 - Train Loss: 0.053715, Val Loss: 0.057576[0m
2025-12-25 08:05:43,113 | INFO     | Epoch 75/250 - Train Loss: 0.052768, Val Loss: 0.055658[0m
2025-12-25 08:16:54,044 | INFO     | Epoch 76/250 - Train Loss: 0.053159, Val Loss: 0.054013[0m
2025-12-25 08:16:54,097 | INFO     | New best model saved with Val Loss: 0.054013
2025-12-25 08:28:04,989 | INFO     | Epoch 77/250 - Train Loss: 0.052623, Val Loss: 0.056059[0m
2025-12-25 08:39:15,976 | INFO     | Epoch 78/250 - Train Loss: 0.052064, Val Loss: 0.055473[0m
2025-12-25 08:50:26,950 | INFO     | Epoch 79/250 - Train Loss: 0.052281, Val Loss: 0.054205[0m
2025-12-25 09:01:37,913 | INFO     | Epoch 80/250 - Train Loss: 0.052082, Val Loss: 0.053881[0m
2025-12-25 09:01:37,966 | INFO     | New best model saved with Val Loss: 0.053881
2025-12-25 09:12:48,901 | INFO     | Epoch 81/250 - Train Loss: 0.051122, Val Loss: 0.057382[0m
2025-12-25 09:23:59,879 | INFO     | Epoch 82/250 - Train Loss: 0.052038, Val Loss: 0.056265[0m
2025-12-25 09:35:10,866 | INFO     | Epoch 83/250 - Train Loss: 0.050864, Val Loss: 0.057188[0m
2025-12-25 09:46:21,888 | INFO     | Epoch 84/250 - Train Loss: 0.051028, Val Loss: 0.055939[0m
2025-12-25 09:57:32,915 | INFO     | Epoch 85/250 - Train Loss: 0.051842, Val Loss: 0.052508[0m
2025-12-25 09:57:32,969 | INFO     | New best model saved with Val Loss: 0.052508
2025-12-25 10:08:43,884 | INFO     | Epoch 86/250 - Train Loss: 0.050118, Val Loss: 0.053655[0m
2025-12-25 10:19:54,866 | INFO     | Epoch 87/250 - Train Loss: 0.049635, Val Loss: 0.055248[0m
2025-12-25 10:31:05,827 | INFO     | Epoch 88/250 - Train Loss: 0.049765, Val Loss: 0.054084[0m
2025-12-25 10:38:25,997 | INFO     | Config:
exp_name: WW_spressure_N10k_lr1e-3_e250
model:
  input_dim: 3
  output_dim: 1
  head_num: 8
  hidden_dim: 256
  res: true
  slice_num: 32
  layer_num: 5
  mlp_ratio: 1.5
  dropout: 0.1
training:
  target: y_pres
  x_mean:
  - 1.5160021
  - -5.4310558e-06
  - 0.58746094
  x_std:
  - 1.415669
  - 0.65769494
  - 0.38634354
  y_mean: -95.576584
  y_std: 123.44368
  batch_size: 1
  epochs: 250
  lr: 0.001
  scheduler_step: 50
  scheduler_gamma: 0.5
  max_grad_norm: 0.1
  num_workers: 1
  weight_decay: 0.0
  test_only: 0
  gpus: '0'
  seed: 42
dataload:
  directory: /mnt/wjc_group/mae-zhangbj/DrivAerNet++_dataset/E_S_WW_WM

2025-12-25 10:38:25,998 | INFO     | args.exp_name : WW_spressure_N10k_lr1e-3_e250
2025-12-25 10:38:25,998 | INFO     | Starting training with 1 GPUs
2025-12-25 10:38:26,961 | INFO     | Total trainable parameters: 3381321
2025-12-25 10:38:26,961 | INFO     | Data loaded: 464 training batches, 118 validation batches, 110 test batches
2025-12-25 10:38:26,963 | INFO     | Staring training for 250 epochs
2025-12-25 10:41:40,224 | INFO     | Epoch 1/250 - Train Loss: 0.797628, Val Loss: 0.447725[0m
2025-12-25 10:41:40,280 | INFO     | New best model saved with Val Loss: 0.447725
2025-12-25 10:42:16,863 | INFO     | Epoch 89/250 - Train Loss: 0.049877, Val Loss: 0.053666[0m
2025-12-25 10:44:53,558 | INFO     | Epoch 2/250 - Train Loss: 0.428512, Val Loss: 0.429277[0m
2025-12-25 10:44:53,600 | INFO     | New best model saved with Val Loss: 0.429277
2025-12-25 10:48:06,793 | INFO     | Epoch 3/250 - Train Loss: 0.399138, Val Loss: 0.380018[0m
2025-12-25 10:48:06,846 | INFO     | New best model saved with Val Loss: 0.380018
2025-12-25 10:51:20,015 | INFO     | Epoch 4/250 - Train Loss: 0.383547, Val Loss: 0.376422[0m
2025-12-25 10:51:20,068 | INFO     | New best model saved with Val Loss: 0.376422
2025-12-25 10:53:27,860 | INFO     | Epoch 90/250 - Train Loss: 0.050163, Val Loss: 0.052858[0m
2025-12-25 10:54:33,210 | INFO     | Epoch 5/250 - Train Loss: 0.365445, Val Loss: 0.353233[0m
2025-12-25 10:54:33,263 | INFO     | New best model saved with Val Loss: 0.353233
2025-12-25 10:57:46,430 | INFO     | Epoch 6/250 - Train Loss: 0.347681, Val Loss: 0.407608[0m
2025-12-25 11:00:59,650 | INFO     | Epoch 7/250 - Train Loss: 0.336631, Val Loss: 0.340777[0m
2025-12-25 11:00:59,703 | INFO     | New best model saved with Val Loss: 0.340777
2025-12-25 11:04:12,953 | INFO     | Epoch 8/250 - Train Loss: 0.320017, Val Loss: 0.317037[0m
2025-12-25 11:04:13,018 | INFO     | New best model saved with Val Loss: 0.317037
2025-12-25 11:04:38,871 | INFO     | Epoch 91/250 - Train Loss: 0.050450, Val Loss: 0.052435[0m
2025-12-25 11:04:38,924 | INFO     | New best model saved with Val Loss: 0.052435
2025-12-25 11:07:26,139 | INFO     | Epoch 9/250 - Train Loss: 0.302071, Val Loss: 0.292326[0m
2025-12-25 11:07:26,195 | INFO     | New best model saved with Val Loss: 0.292326
2025-12-25 11:10:39,292 | INFO     | Epoch 10/250 - Train Loss: 0.284883, Val Loss: 0.274497[0m
2025-12-25 11:10:39,346 | INFO     | New best model saved with Val Loss: 0.274497
2025-12-25 11:13:52,581 | INFO     | Epoch 11/250 - Train Loss: 0.269896, Val Loss: 0.274479[0m
2025-12-25 11:13:52,634 | INFO     | New best model saved with Val Loss: 0.274479
2025-12-25 11:15:49,948 | INFO     | Epoch 92/250 - Train Loss: 0.048807, Val Loss: 0.051011[0m
2025-12-25 11:15:50,001 | INFO     | New best model saved with Val Loss: 0.051011
2025-12-25 11:17:05,834 | INFO     | Epoch 12/250 - Train Loss: 0.247367, Val Loss: 0.255949[0m
2025-12-25 11:17:05,890 | INFO     | New best model saved with Val Loss: 0.255949
2025-12-25 11:20:19,105 | INFO     | Epoch 13/250 - Train Loss: 0.231874, Val Loss: 0.221581[0m
2025-12-25 11:20:19,156 | INFO     | New best model saved with Val Loss: 0.221581
2025-12-25 11:23:32,482 | INFO     | Epoch 14/250 - Train Loss: 0.214129, Val Loss: 0.208914[0m
2025-12-25 11:23:32,535 | INFO     | New best model saved with Val Loss: 0.208914
2025-12-25 11:26:45,851 | INFO     | Epoch 15/250 - Train Loss: 0.204015, Val Loss: 0.195748[0m
2025-12-25 11:26:45,903 | INFO     | New best model saved with Val Loss: 0.195748
2025-12-25 11:27:00,991 | INFO     | Epoch 93/250 - Train Loss: 0.048552, Val Loss: 0.051025[0m
2025-12-25 11:29:59,224 | INFO     | Epoch 16/250 - Train Loss: 0.192159, Val Loss: 0.185543[0m
2025-12-25 11:29:59,278 | INFO     | New best model saved with Val Loss: 0.185543
2025-12-25 11:33:12,551 | INFO     | Epoch 17/250 - Train Loss: 0.180944, Val Loss: 0.175634[0m
2025-12-25 11:33:12,602 | INFO     | New best model saved with Val Loss: 0.175634
2025-12-25 11:36:25,925 | INFO     | Epoch 18/250 - Train Loss: 0.171029, Val Loss: 0.175077[0m
2025-12-25 11:36:25,977 | INFO     | New best model saved with Val Loss: 0.175077
2025-12-25 11:38:11,896 | INFO     | Epoch 94/250 - Train Loss: 0.048425, Val Loss: 0.053689[0m
2025-12-25 11:39:39,312 | INFO     | Epoch 19/250 - Train Loss: 0.167384, Val Loss: 0.173786[0m
2025-12-25 11:39:39,365 | INFO     | New best model saved with Val Loss: 0.173786
2025-12-25 11:42:52,727 | INFO     | Epoch 20/250 - Train Loss: 0.158475, Val Loss: 0.152737[0m
2025-12-25 11:42:52,778 | INFO     | New best model saved with Val Loss: 0.152737
2025-12-25 11:46:06,229 | INFO     | Epoch 21/250 - Train Loss: 0.153959, Val Loss: 0.142767[0m
2025-12-25 11:46:06,279 | INFO     | New best model saved with Val Loss: 0.142767
2025-12-25 11:49:19,627 | INFO     | Epoch 22/250 - Train Loss: 0.149778, Val Loss: 0.143697[0m
2025-12-25 11:49:22,928 | INFO     | Epoch 95/250 - Train Loss: 0.048449, Val Loss: 0.056689[0m
2025-12-25 11:52:32,995 | INFO     | Epoch 23/250 - Train Loss: 0.141307, Val Loss: 0.137809[0m
2025-12-25 11:52:33,050 | INFO     | New best model saved with Val Loss: 0.137809
2025-12-25 11:55:46,438 | INFO     | Epoch 24/250 - Train Loss: 0.135361, Val Loss: 0.138719[0m
2025-12-25 11:58:59,841 | INFO     | Epoch 25/250 - Train Loss: 0.131252, Val Loss: 0.137986[0m
2025-12-25 12:00:33,940 | INFO     | Epoch 96/250 - Train Loss: 0.048380, Val Loss: 0.051124[0m
2025-12-25 12:02:13,266 | INFO     | Epoch 26/250 - Train Loss: 0.128153, Val Loss: 0.121594[0m
2025-12-25 12:02:13,320 | INFO     | New best model saved with Val Loss: 0.121594
2025-12-25 12:05:26,760 | INFO     | Epoch 27/250 - Train Loss: 0.123723, Val Loss: 0.119220[0m
2025-12-25 12:05:26,815 | INFO     | New best model saved with Val Loss: 0.119220
2025-12-25 12:08:40,278 | INFO     | Epoch 28/250 - Train Loss: 0.118692, Val Loss: 0.119602[0m
2025-12-25 12:11:44,869 | INFO     | Epoch 97/250 - Train Loss: 0.048761, Val Loss: 0.052864[0m
2025-12-25 12:11:53,787 | INFO     | Epoch 29/250 - Train Loss: 0.115235, Val Loss: 0.113808[0m
2025-12-25 12:11:53,840 | INFO     | New best model saved with Val Loss: 0.113808
2025-12-25 12:15:07,355 | INFO     | Epoch 30/250 - Train Loss: 0.112077, Val Loss: 0.114606[0m
2025-12-25 12:18:20,840 | INFO     | Epoch 31/250 - Train Loss: 0.110022, Val Loss: 0.098935[0m
2025-12-25 12:18:20,890 | INFO     | New best model saved with Val Loss: 0.098935
2025-12-25 12:21:34,341 | INFO     | Epoch 32/250 - Train Loss: 0.105590, Val Loss: 0.112099[0m
2025-12-25 12:22:55,869 | INFO     | Epoch 98/250 - Train Loss: 0.047902, Val Loss: 0.052080[0m
2025-12-25 12:24:47,801 | INFO     | Epoch 33/250 - Train Loss: 0.104662, Val Loss: 0.100361[0m
2025-12-25 12:28:01,168 | INFO     | Epoch 34/250 - Train Loss: 0.101077, Val Loss: 0.091853[0m
2025-12-25 12:28:01,219 | INFO     | New best model saved with Val Loss: 0.091853
2025-12-25 12:31:14,558 | INFO     | Epoch 35/250 - Train Loss: 0.098681, Val Loss: 0.094591[0m
2025-12-25 12:34:06,810 | INFO     | Epoch 99/250 - Train Loss: 0.048602, Val Loss: 0.057663[0m
2025-12-25 12:34:28,028 | INFO     | Epoch 36/250 - Train Loss: 0.096870, Val Loss: 0.090301[0m
2025-12-25 12:34:28,082 | INFO     | New best model saved with Val Loss: 0.090301
2025-12-25 12:37:41,514 | INFO     | Epoch 37/250 - Train Loss: 0.093362, Val Loss: 0.091560[0m
2025-12-25 12:40:54,886 | INFO     | Epoch 38/250 - Train Loss: 0.091695, Val Loss: 0.088427[0m
2025-12-25 12:40:54,942 | INFO     | New best model saved with Val Loss: 0.088427
2025-12-25 12:44:08,348 | INFO     | Epoch 39/250 - Train Loss: 0.089166, Val Loss: 0.084295[0m
2025-12-25 12:44:08,402 | INFO     | New best model saved with Val Loss: 0.084295
2025-12-25 12:45:17,763 | INFO     | Epoch 100/250 - Train Loss: 0.047737, Val Loss: 0.051419[0m
2025-12-25 12:47:21,904 | INFO     | Epoch 40/250 - Train Loss: 0.090922, Val Loss: 0.087161[0m
2025-12-25 12:50:35,371 | INFO     | Epoch 41/250 - Train Loss: 0.088115, Val Loss: 0.086589[0m
2025-12-25 12:53:48,715 | INFO     | Epoch 42/250 - Train Loss: 0.085108, Val Loss: 0.082564[0m
2025-12-25 12:53:48,767 | INFO     | New best model saved with Val Loss: 0.082564
2025-12-25 12:56:28,802 | INFO     | Epoch 101/250 - Train Loss: 0.042603, Val Loss: 0.047211[0m
2025-12-25 12:56:28,858 | INFO     | New best model saved with Val Loss: 0.047211
2025-12-25 12:57:02,223 | INFO     | Epoch 43/250 - Train Loss: 0.086229, Val Loss: 0.092977[0m
2025-12-25 13:00:15,679 | INFO     | Epoch 44/250 - Train Loss: 0.083412, Val Loss: 0.083573[0m
2025-12-25 13:03:29,027 | INFO     | Epoch 45/250 - Train Loss: 0.081992, Val Loss: 0.078415[0m
2025-12-25 13:03:29,081 | INFO     | New best model saved with Val Loss: 0.078415
2025-12-25 13:06:42,394 | INFO     | Epoch 46/250 - Train Loss: 0.080098, Val Loss: 0.084401[0m
2025-12-25 13:07:39,888 | INFO     | Epoch 102/250 - Train Loss: 0.042559, Val Loss: 0.051371[0m
2025-12-25 13:09:55,931 | INFO     | Epoch 47/250 - Train Loss: 0.079376, Val Loss: 0.078201[0m
2025-12-25 13:09:55,983 | INFO     | New best model saved with Val Loss: 0.078201
2025-12-25 13:13:09,425 | INFO     | Epoch 48/250 - Train Loss: 0.077398, Val Loss: 0.077706[0m
2025-12-25 13:13:09,477 | INFO     | New best model saved with Val Loss: 0.077706
2025-12-25 13:16:22,796 | INFO     | Epoch 49/250 - Train Loss: 0.076211, Val Loss: 0.073074[0m
2025-12-25 13:16:22,857 | INFO     | New best model saved with Val Loss: 0.073074
2025-12-25 13:18:50,855 | INFO     | Epoch 103/250 - Train Loss: 0.043379, Val Loss: 0.047425[0m
2025-12-25 13:19:36,196 | INFO     | Epoch 50/250 - Train Loss: 0.076736, Val Loss: 0.068315[0m
2025-12-25 13:19:36,252 | INFO     | New best model saved with Val Loss: 0.068315
2025-12-25 13:22:49,750 | INFO     | Epoch 51/250 - Train Loss: 0.064183, Val Loss: 0.063923[0m
2025-12-25 13:22:49,792 | INFO     | New best model saved with Val Loss: 0.063923
2025-12-25 13:26:03,198 | INFO     | Epoch 52/250 - Train Loss: 0.063763, Val Loss: 0.065140[0m
2025-12-25 13:29:16,560 | INFO     | Epoch 53/250 - Train Loss: 0.063208, Val Loss: 0.062277[0m
2025-12-25 13:29:16,611 | INFO     | New best model saved with Val Loss: 0.062277
2025-12-25 13:30:01,762 | INFO     | Epoch 104/250 - Train Loss: 0.041520, Val Loss: 0.047317[0m
2025-12-25 13:32:29,953 | INFO     | Epoch 54/250 - Train Loss: 0.062265, Val Loss: 0.063260[0m
2025-12-25 13:35:43,330 | INFO     | Epoch 55/250 - Train Loss: 0.062497, Val Loss: 0.061271[0m
2025-12-25 13:35:43,383 | INFO     | New best model saved with Val Loss: 0.061271
2025-12-25 13:38:56,618 | INFO     | Epoch 56/250 - Train Loss: 0.061695, Val Loss: 0.062509[0m
2025-12-25 13:41:12,745 | INFO     | Epoch 105/250 - Train Loss: 0.041643, Val Loss: 0.048601[0m
2025-12-25 13:42:09,868 | INFO     | Epoch 57/250 - Train Loss: 0.060959, Val Loss: 0.061149[0m
2025-12-25 13:42:09,924 | INFO     | New best model saved with Val Loss: 0.061149
2025-12-25 13:45:23,246 | INFO     | Epoch 58/250 - Train Loss: 0.061169, Val Loss: 0.065903[0m
2025-12-25 13:48:36,520 | INFO     | Epoch 59/250 - Train Loss: 0.059596, Val Loss: 0.061857[0m
2025-12-25 13:51:49,861 | INFO     | Epoch 60/250 - Train Loss: 0.059461, Val Loss: 0.058342[0m
2025-12-25 13:51:49,915 | INFO     | New best model saved with Val Loss: 0.058342
2025-12-25 13:52:23,799 | INFO     | Epoch 106/250 - Train Loss: 0.041435, Val Loss: 0.048903[0m
2025-12-25 13:55:03,375 | INFO     | Epoch 61/250 - Train Loss: 0.059432, Val Loss: 0.059387[0m
2025-12-25 13:58:16,766 | INFO     | Epoch 62/250 - Train Loss: 0.058698, Val Loss: 0.057796[0m
2025-12-25 13:58:16,814 | INFO     | New best model saved with Val Loss: 0.057796
2025-12-25 14:01:30,238 | INFO     | Epoch 63/250 - Train Loss: 0.058081, Val Loss: 0.061047[0m
2025-12-25 14:03:34,794 | INFO     | Epoch 107/250 - Train Loss: 0.041297, Val Loss: 0.048359[0m
2025-12-25 14:04:43,661 | INFO     | Epoch 64/250 - Train Loss: 0.058593, Val Loss: 0.057649[0m
2025-12-25 14:04:43,714 | INFO     | New best model saved with Val Loss: 0.057649
2025-12-25 14:07:57,132 | INFO     | Epoch 65/250 - Train Loss: 0.058064, Val Loss: 0.058926[0m
2025-12-25 14:11:10,544 | INFO     | Epoch 66/250 - Train Loss: 0.057036, Val Loss: 0.059528[0m
2025-12-25 14:14:23,965 | INFO     | Epoch 67/250 - Train Loss: 0.057158, Val Loss: 0.057674[0m
2025-12-25 14:14:45,718 | INFO     | Epoch 108/250 - Train Loss: 0.041339, Val Loss: 0.047477[0m
2025-12-25 14:17:37,324 | INFO     | Epoch 68/250 - Train Loss: 0.055953, Val Loss: 0.060030[0m
2025-12-25 14:20:50,729 | INFO     | Epoch 69/250 - Train Loss: 0.056029, Val Loss: 0.059160[0m
2025-12-25 14:24:04,105 | INFO     | Epoch 70/250 - Train Loss: 0.055301, Val Loss: 0.056933[0m
2025-12-25 14:24:04,157 | INFO     | New best model saved with Val Loss: 0.056933
2025-12-25 14:25:56,709 | INFO     | Epoch 109/250 - Train Loss: 0.042482, Val Loss: 0.049277[0m
2025-12-25 14:27:17,619 | INFO     | Epoch 71/250 - Train Loss: 0.055569, Val Loss: 0.055780[0m
2025-12-25 14:27:17,680 | INFO     | New best model saved with Val Loss: 0.055780
2025-12-25 14:30:31,069 | INFO     | Epoch 72/250 - Train Loss: 0.055297, Val Loss: 0.056302[0m
2025-12-25 14:33:44,448 | INFO     | Epoch 73/250 - Train Loss: 0.055112, Val Loss: 0.057106[0m
2025-12-25 14:36:57,880 | INFO     | Epoch 74/250 - Train Loss: 0.054436, Val Loss: 0.054280[0m
2025-12-25 14:36:57,936 | INFO     | New best model saved with Val Loss: 0.054280
2025-12-25 14:37:07,717 | INFO     | Epoch 110/250 - Train Loss: 0.041058, Val Loss: 0.047350[0m
2025-12-25 14:40:11,363 | INFO     | Epoch 75/250 - Train Loss: 0.054489, Val Loss: 0.059477[0m
2025-12-25 14:43:24,769 | INFO     | Epoch 76/250 - Train Loss: 0.053908, Val Loss: 0.056024[0m
2025-12-25 14:46:38,160 | INFO     | Epoch 77/250 - Train Loss: 0.053731, Val Loss: 0.056007[0m
2025-12-25 14:48:18,746 | INFO     | Epoch 111/250 - Train Loss: 0.040972, Val Loss: 0.048077[0m
2025-12-25 14:49:51,553 | INFO     | Epoch 78/250 - Train Loss: 0.053170, Val Loss: 0.057734[0m
2025-12-25 14:53:04,965 | INFO     | Epoch 79/250 - Train Loss: 0.053301, Val Loss: 0.054815[0m
2025-12-25 14:56:18,345 | INFO     | Epoch 80/250 - Train Loss: 0.053099, Val Loss: 0.057240[0m
2025-12-25 14:59:29,790 | INFO     | Epoch 112/250 - Train Loss: 0.040645, Val Loss: 0.047436[0m
2025-12-25 14:59:31,825 | INFO     | Epoch 81/250 - Train Loss: 0.052563, Val Loss: 0.053814[0m
2025-12-25 14:59:31,872 | INFO     | New best model saved with Val Loss: 0.053814
2025-12-25 15:02:45,244 | INFO     | Epoch 82/250 - Train Loss: 0.052980, Val Loss: 0.056096[0m
2025-12-25 15:05:58,604 | INFO     | Epoch 83/250 - Train Loss: 0.052614, Val Loss: 0.056125[0m
2025-12-25 15:09:11,953 | INFO     | Epoch 84/250 - Train Loss: 0.051992, Val Loss: 0.056931[0m
2025-12-25 15:10:40,809 | INFO     | Epoch 113/250 - Train Loss: 0.040714, Val Loss: 0.049033[0m
2025-12-25 15:12:25,367 | INFO     | Epoch 85/250 - Train Loss: 0.051741, Val Loss: 0.054449[0m
2025-12-25 15:15:38,786 | INFO     | Epoch 86/250 - Train Loss: 0.051590, Val Loss: 0.055096[0m
2025-12-25 15:18:52,158 | INFO     | Epoch 87/250 - Train Loss: 0.051368, Val Loss: 0.054296[0m
2025-12-25 15:21:51,814 | INFO     | Epoch 114/250 - Train Loss: 0.040983, Val Loss: 0.048075[0m
2025-12-25 15:22:05,576 | INFO     | Epoch 88/250 - Train Loss: 0.052060, Val Loss: 0.053238[0m
2025-12-25 15:22:05,631 | INFO     | New best model saved with Val Loss: 0.053238
2025-12-25 15:25:19,044 | INFO     | Epoch 89/250 - Train Loss: 0.050889, Val Loss: 0.053175[0m
2025-12-25 15:25:19,101 | INFO     | New best model saved with Val Loss: 0.053175
2025-12-25 15:28:32,508 | INFO     | Epoch 90/250 - Train Loss: 0.050716, Val Loss: 0.052755[0m
2025-12-25 15:28:32,563 | INFO     | New best model saved with Val Loss: 0.052755
2025-12-25 15:31:46,084 | INFO     | Epoch 91/250 - Train Loss: 0.050567, Val Loss: 0.052632[0m
2025-12-25 15:31:46,144 | INFO     | New best model saved with Val Loss: 0.052632
2025-12-25 15:33:02,787 | INFO     | Epoch 115/250 - Train Loss: 0.040782, Val Loss: 0.049347[0m
2025-12-25 15:34:59,583 | INFO     | Epoch 92/250 - Train Loss: 0.050392, Val Loss: 0.052717[0m
2025-12-25 15:38:12,891 | INFO     | Epoch 93/250 - Train Loss: 0.050625, Val Loss: 0.053874[0m
2025-12-25 15:43:43,390 | INFO     | Epoch 94/250 - Train Loss: 0.050393, Val Loss: 0.053739[0m
2025-12-25 15:44:13,843 | INFO     | Epoch 116/250 - Train Loss: 0.041062, Val Loss: 0.047207[0m
2025-12-25 15:44:13,895 | INFO     | New best model saved with Val Loss: 0.047207
2025-12-25 15:51:08,809 | INFO     | Epoch 95/250 - Train Loss: 0.049411, Val Loss: 0.053608[0m
2025-12-25 15:55:24,847 | INFO     | Epoch 117/250 - Train Loss: 0.040015, Val Loss: 0.048960[0m
2025-12-25 15:58:34,248 | INFO     | Epoch 96/250 - Train Loss: 0.049572, Val Loss: 0.053585[0m
2025-12-25 16:05:59,725 | INFO     | Epoch 97/250 - Train Loss: 0.050288, Val Loss: 0.053496[0m
2025-12-25 16:06:35,848 | INFO     | Epoch 118/250 - Train Loss: 0.040471, Val Loss: 0.048605[0m
2025-12-25 16:13:25,145 | INFO     | Epoch 98/250 - Train Loss: 0.049734, Val Loss: 0.056706[0m
2025-12-25 16:17:46,756 | INFO     | Epoch 119/250 - Train Loss: 0.039660, Val Loss: 0.047729[0m
2025-12-25 16:20:46,423 | INFO     | Epoch 99/250 - Train Loss: 0.048908, Val Loss: 0.054519[0m
2025-12-25 16:28:11,746 | INFO     | Epoch 100/250 - Train Loss: 0.049966, Val Loss: 0.053365[0m
2025-12-25 16:28:57,678 | INFO     | Epoch 120/250 - Train Loss: 0.039487, Val Loss: 0.048791[0m
2025-12-25 16:35:37,222 | INFO     | Epoch 101/250 - Train Loss: 0.044482, Val Loss: 0.048986[0m
2025-12-25 16:35:37,268 | INFO     | New best model saved with Val Loss: 0.048986
2025-12-25 16:40:08,594 | INFO     | Epoch 121/250 - Train Loss: 0.039440, Val Loss: 0.052711[0m
2025-12-25 16:43:02,640 | INFO     | Epoch 102/250 - Train Loss: 0.043545, Val Loss: 0.049320[0m
2025-12-25 16:50:27,958 | INFO     | Epoch 103/250 - Train Loss: 0.043421, Val Loss: 0.048601[0m
2025-12-25 16:50:27,999 | INFO     | New best model saved with Val Loss: 0.048601
2025-12-25 16:51:19,604 | INFO     | Epoch 122/250 - Train Loss: 0.041128, Val Loss: 0.048724[0m
2025-12-25 16:57:51,345 | INFO     | Epoch 104/250 - Train Loss: 0.043226, Val Loss: 0.049557[0m
2025-12-25 17:02:30,566 | INFO     | Epoch 123/250 - Train Loss: 0.038935, Val Loss: 0.046655[0m
2025-12-25 17:02:30,621 | INFO     | New best model saved with Val Loss: 0.046655
2025-12-25 17:05:14,630 | INFO     | Epoch 105/250 - Train Loss: 0.043248, Val Loss: 0.049118[0m
2025-12-25 17:12:40,006 | INFO     | Epoch 106/250 - Train Loss: 0.043364, Val Loss: 0.048721[0m
2025-12-25 17:13:41,543 | INFO     | Epoch 124/250 - Train Loss: 0.040563, Val Loss: 0.048461[0m
2025-12-25 17:20:05,337 | INFO     | Epoch 107/250 - Train Loss: 0.042800, Val Loss: 0.050022[0m
2025-12-25 17:24:52,515 | INFO     | Epoch 125/250 - Train Loss: 0.038948, Val Loss: 0.048225[0m
2025-12-25 17:27:30,652 | INFO     | Epoch 108/250 - Train Loss: 0.042409, Val Loss: 0.048901[0m
2025-12-25 17:34:55,964 | INFO     | Epoch 109/250 - Train Loss: 0.042506, Val Loss: 0.050213[0m
2025-12-25 17:36:03,481 | INFO     | Epoch 126/250 - Train Loss: 0.039076, Val Loss: 0.048406[0m
2025-12-25 17:42:17,268 | INFO     | Epoch 110/250 - Train Loss: 0.042100, Val Loss: 0.048354[0m
2025-12-25 17:42:17,324 | INFO     | New best model saved with Val Loss: 0.048354
2025-12-25 17:47:14,388 | INFO     | Epoch 127/250 - Train Loss: 0.038863, Val Loss: 0.047640[0m
2025-12-25 17:49:42,771 | INFO     | Epoch 111/250 - Train Loss: 0.042199, Val Loss: 0.048633[0m
2025-12-25 17:57:08,134 | INFO     | Epoch 112/250 - Train Loss: 0.042439, Val Loss: 0.048141[0m
2025-12-25 17:57:08,189 | INFO     | New best model saved with Val Loss: 0.048141
2025-12-25 17:58:25,338 | INFO     | Epoch 128/250 - Train Loss: 0.039162, Val Loss: 0.048170[0m
2025-12-25 18:04:33,566 | INFO     | Epoch 113/250 - Train Loss: 0.042731, Val Loss: 0.052722[0m
2025-12-25 18:09:36,330 | INFO     | Epoch 129/250 - Train Loss: 0.039762, Val Loss: 0.046965[0m
2025-12-25 18:11:58,942 | INFO     | Epoch 114/250 - Train Loss: 0.042432, Val Loss: 0.048746[0m
2025-12-25 18:19:20,160 | INFO     | Epoch 115/250 - Train Loss: 0.041247, Val Loss: 0.049027[0m
2025-12-25 18:20:47,323 | INFO     | Epoch 130/250 - Train Loss: 0.038993, Val Loss: 0.050131[0m
2025-12-25 18:26:45,519 | INFO     | Epoch 116/250 - Train Loss: 0.041884, Val Loss: 0.048653[0m
2025-12-25 18:31:58,314 | INFO     | Epoch 131/250 - Train Loss: 0.038032, Val Loss: 0.052454[0m
2025-12-25 18:34:10,867 | INFO     | Epoch 117/250 - Train Loss: 0.041962, Val Loss: 0.048833[0m
2025-12-25 18:41:36,224 | INFO     | Epoch 118/250 - Train Loss: 0.041063, Val Loss: 0.049766[0m
2025-12-25 18:43:09,341 | INFO     | Epoch 132/250 - Train Loss: 0.041526, Val Loss: 0.049763[0m
2025-12-25 18:49:01,578 | INFO     | Epoch 119/250 - Train Loss: 0.043309, Val Loss: 0.052413[0m
2025-12-25 18:54:20,335 | INFO     | Epoch 133/250 - Train Loss: 0.037966, Val Loss: 0.047485[0m
2025-12-25 18:56:23,021 | INFO     | Epoch 120/250 - Train Loss: 0.042416, Val Loss: 0.052447[0m
2025-12-25 19:03:48,866 | INFO     | Epoch 121/250 - Train Loss: 0.040497, Val Loss: 0.049640[0m
2025-12-25 19:05:31,352 | INFO     | Epoch 134/250 - Train Loss: 0.037783, Val Loss: 0.047345[0m
2025-12-25 19:11:14,192 | INFO     | Epoch 122/250 - Train Loss: 0.040389, Val Loss: 0.049206[0m
2025-12-25 19:16:42,396 | INFO     | Epoch 135/250 - Train Loss: 0.037783, Val Loss: 0.048845[0m
2025-12-25 19:18:39,534 | INFO     | Epoch 123/250 - Train Loss: 0.040390, Val Loss: 0.048257[0m
2025-12-25 19:26:04,884 | INFO     | Epoch 124/250 - Train Loss: 0.040650, Val Loss: 0.049453[0m
2025-12-25 19:27:53,435 | INFO     | Epoch 136/250 - Train Loss: 0.038951, Val Loss: 0.047746[0m
2025-12-25 19:33:27,759 | INFO     | Epoch 125/250 - Train Loss: 0.040946, Val Loss: 0.047868[0m
2025-12-25 19:33:27,811 | INFO     | New best model saved with Val Loss: 0.047868
2025-12-25 19:39:04,513 | INFO     | Epoch 137/250 - Train Loss: 0.037006, Val Loss: 0.047305[0m
2025-12-25 19:40:51,541 | INFO     | Epoch 126/250 - Train Loss: 0.039744, Val Loss: 0.048453[0m
2025-12-25 19:48:16,897 | INFO     | Epoch 127/250 - Train Loss: 0.040173, Val Loss: 0.048209[0m
2025-12-25 19:50:15,556 | INFO     | Epoch 138/250 - Train Loss: 0.038310, Val Loss: 0.048985[0m
2025-12-25 19:55:42,273 | INFO     | Epoch 128/250 - Train Loss: 0.040380, Val Loss: 0.049133[0m
2025-12-25 20:01:26,666 | INFO     | Epoch 139/250 - Train Loss: 0.040834, Val Loss: 0.048420[0m
2025-12-25 20:03:07,612 | INFO     | Epoch 129/250 - Train Loss: 0.039736, Val Loss: 0.048308[0m
2025-12-25 20:10:32,934 | INFO     | Epoch 130/250 - Train Loss: 0.041942, Val Loss: 0.050223[0m
2025-12-25 20:12:37,700 | INFO     | Epoch 140/250 - Train Loss: 0.039855, Val Loss: 0.048599[0m
2025-12-25 20:17:54,262 | INFO     | Epoch 131/250 - Train Loss: 0.040863, Val Loss: 0.053944[0m
2025-12-25 20:23:48,737 | INFO     | Epoch 141/250 - Train Loss: 0.037001, Val Loss: 0.050217[0m
2025-12-25 20:25:19,611 | INFO     | Epoch 132/250 - Train Loss: 0.041283, Val Loss: 0.049390[0m
2025-12-25 20:32:44,935 | INFO     | Epoch 133/250 - Train Loss: 0.039453, Val Loss: 0.048608[0m
2025-12-25 20:34:59,805 | INFO     | Epoch 142/250 - Train Loss: 0.037165, Val Loss: 0.047884[0m
2025-12-25 20:40:10,310 | INFO     | Epoch 134/250 - Train Loss: 0.039121, Val Loss: 0.048697[0m
2025-12-25 20:46:10,842 | INFO     | Epoch 143/250 - Train Loss: 0.037137, Val Loss: 0.048263[0m
2025-12-25 20:47:35,697 | INFO     | Epoch 135/250 - Train Loss: 0.039314, Val Loss: 0.050614[0m
2025-12-25 20:54:56,981 | INFO     | Epoch 136/250 - Train Loss: 0.039452, Val Loss: 0.048035[0m
2025-12-25 20:57:21,911 | INFO     | Epoch 144/250 - Train Loss: 0.037083, Val Loss: 0.048154[0m
2025-12-25 21:02:22,340 | INFO     | Epoch 137/250 - Train Loss: 0.038830, Val Loss: 0.049795[0m
2025-12-25 21:08:32,905 | INFO     | Epoch 145/250 - Train Loss: 0.036951, Val Loss: 0.047484[0m
2025-12-25 21:09:47,692 | INFO     | Epoch 138/250 - Train Loss: 0.039473, Val Loss: 0.048013[0m
2025-12-25 21:17:13,024 | INFO     | Epoch 139/250 - Train Loss: 0.038881, Val Loss: 0.051539[0m
2025-12-25 21:19:43,986 | INFO     | Epoch 146/250 - Train Loss: 0.037302, Val Loss: 0.048712[0m
2025-12-25 21:24:38,330 | INFO     | Epoch 140/250 - Train Loss: 0.041001, Val Loss: 0.052139[0m
2025-12-25 21:30:54,718 | INFO     | Epoch 147/250 - Train Loss: 0.037815, Val Loss: 0.046752[0m
2025-12-25 21:31:59,655 | INFO     | Epoch 141/250 - Train Loss: 0.039265, Val Loss: 0.054846[0m
2025-12-25 21:39:24,946 | INFO     | Epoch 142/250 - Train Loss: 0.041167, Val Loss: 0.048418[0m
2025-12-25 21:42:05,459 | INFO     | Epoch 148/250 - Train Loss: 0.036053, Val Loss: 0.047258[0m
2025-12-25 21:46:50,256 | INFO     | Epoch 143/250 - Train Loss: 0.038684, Val Loss: 0.048992[0m
2025-12-25 21:53:16,181 | INFO     | Epoch 149/250 - Train Loss: 0.036566, Val Loss: 0.046828[0m
2025-12-25 21:54:15,596 | INFO     | Epoch 144/250 - Train Loss: 0.038413, Val Loss: 0.048304[0m
2025-12-25 22:01:40,957 | INFO     | Epoch 145/250 - Train Loss: 0.039330, Val Loss: 0.048337[0m
2025-12-25 22:04:26,922 | INFO     | Epoch 150/250 - Train Loss: 0.036045, Val Loss: 0.049165[0m
2025-12-25 22:09:03,384 | INFO     | Epoch 146/250 - Train Loss: 0.038130, Val Loss: 0.049161[0m
2025-12-25 22:15:37,643 | INFO     | Epoch 151/250 - Train Loss: 0.033563, Val Loss: 0.047687[0m
2025-12-25 22:16:27,405 | INFO     | Epoch 147/250 - Train Loss: 0.038203, Val Loss: 0.047961[0m
2025-12-25 22:23:52,700 | INFO     | Epoch 148/250 - Train Loss: 0.038346, Val Loss: 0.047773[0m
2025-12-25 22:23:52,755 | INFO     | New best model saved with Val Loss: 0.047773
2025-12-25 22:26:48,334 | INFO     | Epoch 152/250 - Train Loss: 0.033238, Val Loss: 0.047545[0m
2025-12-25 22:31:18,064 | INFO     | Epoch 149/250 - Train Loss: 0.037934, Val Loss: 0.047382[0m
2025-12-25 22:31:18,120 | INFO     | New best model saved with Val Loss: 0.047382
2025-12-25 22:37:59,365 | INFO     | Epoch 153/250 - Train Loss: 0.033074, Val Loss: 0.046501[0m
2025-12-25 22:37:59,417 | INFO     | New best model saved with Val Loss: 0.046501
2025-12-25 22:38:43,429 | INFO     | Epoch 150/250 - Train Loss: 0.039011, Val Loss: 0.049419[0m
2025-12-25 22:46:08,849 | INFO     | Epoch 151/250 - Train Loss: 0.035754, Val Loss: 0.048487[0m
2025-12-25 22:49:10,183 | INFO     | Epoch 154/250 - Train Loss: 0.034545, Val Loss: 0.048023[0m
2025-12-25 22:53:30,024 | INFO     | Epoch 152/250 - Train Loss: 0.035122, Val Loss: 0.048574[0m
2025-12-25 23:00:20,859 | INFO     | Epoch 155/250 - Train Loss: 0.033039, Val Loss: 0.048780[0m
2025-12-25 23:00:55,338 | INFO     | Epoch 153/250 - Train Loss: 0.034588, Val Loss: 0.047666[0m
2025-12-25 23:08:20,639 | INFO     | Epoch 154/250 - Train Loss: 0.034205, Val Loss: 0.047183[0m
2025-12-25 23:08:20,695 | INFO     | New best model saved with Val Loss: 0.047183
2025-12-25 23:11:31,534 | INFO     | Epoch 156/250 - Train Loss: 0.033141, Val Loss: 0.047133[0m
2025-12-25 23:15:46,032 | INFO     | Epoch 155/250 - Train Loss: 0.034116, Val Loss: 0.048708[0m
2025-12-25 23:22:42,261 | INFO     | Epoch 157/250 - Train Loss: 0.033026, Val Loss: 0.046752[0m
2025-12-25 23:23:11,348 | INFO     | Epoch 156/250 - Train Loss: 0.034264, Val Loss: 0.047315[0m
2025-12-25 23:30:32,550 | INFO     | Epoch 157/250 - Train Loss: 0.033856, Val Loss: 0.047461[0m
2025-12-25 23:33:52,958 | INFO     | Epoch 158/250 - Train Loss: 0.032559, Val Loss: 0.047579[0m
2025-12-25 23:37:57,915 | INFO     | Epoch 158/250 - Train Loss: 0.034045, Val Loss: 0.048167[0m
2025-12-25 23:45:03,717 | INFO     | Epoch 159/250 - Train Loss: 0.032237, Val Loss: 0.047294[0m
2025-12-25 23:45:23,254 | INFO     | Epoch 159/250 - Train Loss: 0.033739, Val Loss: 0.047703[0m
2025-12-25 23:52:48,588 | INFO     | Epoch 160/250 - Train Loss: 0.034939, Val Loss: 0.047367[0m
2025-12-25 23:56:14,425 | INFO     | Epoch 160/250 - Train Loss: 0.032640, Val Loss: 0.046532[0m
2025-12-26 00:00:14,025 | INFO     | Epoch 161/250 - Train Loss: 0.033916, Val Loss: 0.047308[0m
2025-12-26 00:07:25,083 | INFO     | Epoch 161/250 - Train Loss: 0.032418, Val Loss: 0.047233[0m
2025-12-26 00:07:35,249 | INFO     | Epoch 162/250 - Train Loss: 0.034691, Val Loss: 0.048639[0m
2025-12-26 00:15:00,581 | INFO     | Epoch 163/250 - Train Loss: 0.033513, Val Loss: 0.047979[0m
2025-12-26 00:18:35,812 | INFO     | Epoch 162/250 - Train Loss: 0.032605, Val Loss: 0.046493[0m
2025-12-26 00:18:35,868 | INFO     | New best model saved with Val Loss: 0.046493
2025-12-26 00:22:25,902 | INFO     | Epoch 164/250 - Train Loss: 0.033386, Val Loss: 0.047268[0m
2025-12-26 00:29:46,558 | INFO     | Epoch 163/250 - Train Loss: 0.032396, Val Loss: 0.047425[0m
2025-12-26 00:29:51,223 | INFO     | Epoch 165/250 - Train Loss: 0.033129, Val Loss: 0.047559[0m
2025-12-26 00:37:16,523 | INFO     | Epoch 166/250 - Train Loss: 0.033469, Val Loss: 0.047638[0m
2025-12-26 00:40:57,224 | INFO     | Epoch 164/250 - Train Loss: 0.032461, Val Loss: 0.046274[0m
2025-12-26 00:40:57,277 | INFO     | New best model saved with Val Loss: 0.046274
2025-12-26 00:44:38,429 | INFO     | Epoch 167/250 - Train Loss: 0.033040, Val Loss: 0.047415[0m
2025-12-26 00:52:03,078 | INFO     | Epoch 168/250 - Train Loss: 0.032774, Val Loss: 0.048164[0m
2025-12-26 00:52:08,078 | INFO     | Epoch 165/250 - Train Loss: 0.032989, Val Loss: 0.046929[0m
2025-12-26 00:59:28,438 | INFO     | Epoch 169/250 - Train Loss: 0.032992, Val Loss: 0.047730[0m
2025-12-26 01:03:18,741 | INFO     | Epoch 166/250 - Train Loss: 0.031765, Val Loss: 0.046564[0m
2025-12-26 01:06:53,778 | INFO     | Epoch 170/250 - Train Loss: 0.033012, Val Loss: 0.048442[0m
2025-12-26 01:14:19,252 | INFO     | Epoch 171/250 - Train Loss: 0.033203, Val Loss: 0.048291[0m
2025-12-26 01:14:29,428 | INFO     | Epoch 167/250 - Train Loss: 0.031776, Val Loss: 0.046986[0m
2025-12-26 01:21:44,609 | INFO     | Epoch 172/250 - Train Loss: 0.032542, Val Loss: 0.047628[0m
2025-12-26 01:25:40,098 | INFO     | Epoch 168/250 - Train Loss: 0.031296, Val Loss: 0.047525[0m
2025-12-26 01:29:05,805 | INFO     | Epoch 173/250 - Train Loss: 0.032900, Val Loss: 0.048598[0m
2025-12-26 01:36:31,148 | INFO     | Epoch 174/250 - Train Loss: 0.034928, Val Loss: 0.048510[0m
2025-12-26 01:36:50,882 | INFO     | Epoch 169/250 - Train Loss: 0.031594, Val Loss: 0.047478[0m
2025-12-26 01:43:56,493 | INFO     | Epoch 175/250 - Train Loss: 0.032704, Val Loss: 0.048200[0m
2025-12-26 01:48:01,661 | INFO     | Epoch 170/250 - Train Loss: 0.031819, Val Loss: 0.047759[0m
2025-12-26 01:51:21,853 | INFO     | Epoch 176/250 - Train Loss: 0.033331, Val Loss: 0.048115[0m
2025-12-26 01:58:47,181 | INFO     | Epoch 177/250 - Train Loss: 0.032310, Val Loss: 0.047646[0m
2025-12-26 01:59:12,416 | INFO     | Epoch 171/250 - Train Loss: 0.033276, Val Loss: 0.047745[0m
2025-12-26 02:06:08,426 | INFO     | Epoch 178/250 - Train Loss: 0.032017, Val Loss: 0.047899[0m
2025-12-26 02:10:23,265 | INFO     | Epoch 172/250 - Train Loss: 0.031670, Val Loss: 0.046773[0m
2025-12-26 02:13:33,769 | INFO     | Epoch 179/250 - Train Loss: 0.032085, Val Loss: 0.047752[0m
2025-12-26 02:20:59,069 | INFO     | Epoch 180/250 - Train Loss: 0.031904, Val Loss: 0.047960[0m
2025-12-26 02:21:33,965 | INFO     | Epoch 173/250 - Train Loss: 0.031926, Val Loss: 0.051175[0m
2025-12-26 02:28:24,492 | INFO     | Epoch 181/250 - Train Loss: 0.032978, Val Loss: 0.048304[0m
2025-12-26 02:32:44,652 | INFO     | Epoch 174/250 - Train Loss: 0.032357, Val Loss: 0.046690[0m
2025-12-26 02:35:49,816 | INFO     | Epoch 182/250 - Train Loss: 0.032783, Val Loss: 0.071292[0m
2025-12-26 02:43:10,999 | INFO     | Epoch 183/250 - Train Loss: 0.034589, Val Loss: 0.048564[0m
2025-12-26 02:43:55,381 | INFO     | Epoch 175/250 - Train Loss: 0.030981, Val Loss: 0.046938[0m
2025-12-26 02:50:36,307 | INFO     | Epoch 184/250 - Train Loss: 0.032152, Val Loss: 0.047538[0m
2025-12-26 02:55:06,107 | INFO     | Epoch 176/250 - Train Loss: 0.030834, Val Loss: 0.047389[0m
2025-12-26 02:58:01,618 | INFO     | Epoch 185/250 - Train Loss: 0.031466, Val Loss: 0.049335[0m
2025-12-26 03:05:26,975 | INFO     | Epoch 186/250 - Train Loss: 0.031546, Val Loss: 0.048345[0m
2025-12-26 03:06:16,795 | INFO     | Epoch 177/250 - Train Loss: 0.031843, Val Loss: 0.046523[0m
2025-12-26 03:12:52,289 | INFO     | Epoch 187/250 - Train Loss: 0.031437, Val Loss: 0.047645[0m
2025-12-26 03:17:27,497 | INFO     | Epoch 178/250 - Train Loss: 0.031275, Val Loss: 0.046416[0m
2025-12-26 03:20:13,510 | INFO     | Epoch 188/250 - Train Loss: 0.031636, Val Loss: 0.048168[0m
2025-12-26 03:27:38,724 | INFO     | Epoch 189/250 - Train Loss: 0.031752, Val Loss: 0.047719[0m
2025-12-26 03:28:38,269 | INFO     | Epoch 179/250 - Train Loss: 0.031032, Val Loss: 0.047244[0m
2025-12-26 03:35:03,876 | INFO     | Epoch 190/250 - Train Loss: 0.031801, Val Loss: 0.048026[0m
2025-12-26 03:39:49,012 | INFO     | Epoch 180/250 - Train Loss: 0.030848, Val Loss: 0.046704[0m
2025-12-26 03:42:29,191 | INFO     | Epoch 191/250 - Train Loss: 0.032792, Val Loss: 0.047794[0m
2025-12-26 03:49:54,422 | INFO     | Epoch 192/250 - Train Loss: 0.031141, Val Loss: 0.048883[0m
2025-12-26 03:50:59,769 | INFO     | Epoch 181/250 - Train Loss: 0.031304, Val Loss: 0.046317[0m
2025-12-26 03:57:19,029 | INFO     | Epoch 193/250 - Train Loss: 0.031338, Val Loss: 0.048286[0m
2025-12-26 04:02:10,437 | INFO     | Epoch 182/250 - Train Loss: 0.030730, Val Loss: 0.047898[0m
2025-12-26 04:04:40,806 | INFO     | Epoch 194/250 - Train Loss: 0.031225, Val Loss: 0.048690[0m
2025-12-26 04:12:06,101 | INFO     | Epoch 195/250 - Train Loss: 0.030884, Val Loss: 0.048230[0m
2025-12-26 04:13:21,235 | INFO     | Epoch 183/250 - Train Loss: 0.030429, Val Loss: 0.046585[0m
2025-12-26 04:19:31,388 | INFO     | Epoch 196/250 - Train Loss: 0.030897, Val Loss: 0.048072[0m
2025-12-26 04:24:31,979 | INFO     | Epoch 184/250 - Train Loss: 0.030340, Val Loss: 0.046129[0m
2025-12-26 04:24:32,033 | INFO     | New best model saved with Val Loss: 0.046129
2025-12-26 04:26:56,735 | INFO     | Epoch 197/250 - Train Loss: 0.030744, Val Loss: 0.048151[0m
2025-12-26 04:34:21,957 | INFO     | Epoch 198/250 - Train Loss: 0.030873, Val Loss: 0.048410[0m
2025-12-26 04:35:42,694 | INFO     | Epoch 185/250 - Train Loss: 0.030503, Val Loss: 0.047535[0m
2025-12-26 04:41:43,011 | INFO     | Epoch 199/250 - Train Loss: 0.032556, Val Loss: 0.047790[0m
2025-12-26 04:46:53,338 | INFO     | Epoch 186/250 - Train Loss: 0.030402, Val Loss: 0.047090[0m
2025-12-26 04:49:08,348 | INFO     | Epoch 200/250 - Train Loss: 0.031198, Val Loss: 0.049555[0m
2025-12-26 04:56:33,696 | INFO     | Epoch 201/250 - Train Loss: 0.030558, Val Loss: 0.047623[0m
2025-12-26 04:58:04,022 | INFO     | Epoch 187/250 - Train Loss: 0.030335, Val Loss: 0.048054[0m
2025-12-26 05:03:58,993 | INFO     | Epoch 202/250 - Train Loss: 0.029304, Val Loss: 0.047864[0m
2025-12-26 05:09:14,787 | INFO     | Epoch 188/250 - Train Loss: 0.031193, Val Loss: 0.047652[0m
2025-12-26 05:11:24,309 | INFO     | Epoch 203/250 - Train Loss: 0.029077, Val Loss: 0.047653[0m
2025-12-26 05:18:45,479 | INFO     | Epoch 204/250 - Train Loss: 0.028949, Val Loss: 0.048015[0m
2025-12-26 05:20:25,556 | INFO     | Epoch 189/250 - Train Loss: 0.031514, Val Loss: 0.046134[0m
2025-12-26 05:26:10,730 | INFO     | Epoch 205/250 - Train Loss: 0.028930, Val Loss: 0.047781[0m
2025-12-26 05:31:36,307 | INFO     | Epoch 190/250 - Train Loss: 0.029970, Val Loss: 0.046571[0m
2025-12-26 05:33:36,022 | INFO     | Epoch 206/250 - Train Loss: 0.028943, Val Loss: 0.047655[0m
2025-12-26 05:41:01,276 | INFO     | Epoch 207/250 - Train Loss: 0.029178, Val Loss: 0.047659[0m
2025-12-26 05:42:47,036 | INFO     | Epoch 191/250 - Train Loss: 0.029828, Val Loss: 0.046568[0m
2025-12-26 05:48:26,547 | INFO     | Epoch 208/250 - Train Loss: 0.028744, Val Loss: 0.048069[0m
2025-12-26 05:53:57,719 | INFO     | Epoch 192/250 - Train Loss: 0.029868, Val Loss: 0.047855[0m
2025-12-26 05:55:47,846 | INFO     | Epoch 209/250 - Train Loss: 0.028750, Val Loss: 0.047735[0m
2025-12-26 06:03:13,054 | INFO     | Epoch 210/250 - Train Loss: 0.028572, Val Loss: 0.047725[0m
2025-12-26 06:05:08,428 | INFO     | Epoch 193/250 - Train Loss: 0.030407, Val Loss: 0.047330[0m
2025-12-26 06:10:38,346 | INFO     | Epoch 211/250 - Train Loss: 0.028862, Val Loss: 0.047696[0m
2025-12-26 06:16:19,165 | INFO     | Epoch 194/250 - Train Loss: 0.030806, Val Loss: 0.046477[0m
2025-12-26 06:18:03,574 | INFO     | Epoch 212/250 - Train Loss: 0.028795, Val Loss: 0.047696[0m
2025-12-26 06:25:28,736 | INFO     | Epoch 213/250 - Train Loss: 0.028665, Val Loss: 0.048134[0m
2025-12-26 06:27:29,823 | INFO     | Epoch 195/250 - Train Loss: 0.029552, Val Loss: 0.046983[0m
2025-12-26 06:32:52,925 | INFO     | Epoch 214/250 - Train Loss: 0.028472, Val Loss: 0.047912[0m
2025-12-26 06:38:40,569 | INFO     | Epoch 196/250 - Train Loss: 0.029428, Val Loss: 0.046787[0m
2025-12-26 06:40:15,262 | INFO     | Epoch 215/250 - Train Loss: 0.028405, Val Loss: 0.048397[0m
2025-12-26 06:47:40,566 | INFO     | Epoch 216/250 - Train Loss: 0.028286, Val Loss: 0.048735[0m
2025-12-26 06:49:51,287 | INFO     | Epoch 197/250 - Train Loss: 0.029285, Val Loss: 0.046738[0m
2025-12-26 06:55:05,802 | INFO     | Epoch 217/250 - Train Loss: 0.028909, Val Loss: 0.048148[0m
2025-12-26 07:01:01,978 | INFO     | Epoch 198/250 - Train Loss: 0.029435, Val Loss: 0.047568[0m
2025-12-26 07:02:31,081 | INFO     | Epoch 218/250 - Train Loss: 0.029410, Val Loss: 0.047747[0m
2025-12-26 07:09:56,364 | INFO     | Epoch 219/250 - Train Loss: 0.028401, Val Loss: 0.047652[0m
2025-12-26 07:12:12,656 | INFO     | Epoch 199/250 - Train Loss: 0.029977, Val Loss: 0.046292[0m
2025-12-26 07:17:17,534 | INFO     | Epoch 220/250 - Train Loss: 0.028244, Val Loss: 0.048436[0m
2025-12-26 07:23:23,677 | INFO     | Epoch 200/250 - Train Loss: 0.029736, Val Loss: 0.047676[0m
2025-12-26 07:24:42,918 | INFO     | Epoch 221/250 - Train Loss: 0.028157, Val Loss: 0.047821[0m
2025-12-26 07:32:08,182 | INFO     | Epoch 222/250 - Train Loss: 0.027994, Val Loss: 0.049938[0m
2025-12-26 07:34:34,366 | INFO     | Epoch 201/250 - Train Loss: 0.028338, Val Loss: 0.045998[0m
2025-12-26 07:34:34,418 | INFO     | New best model saved with Val Loss: 0.045998
2025-12-26 07:39:33,421 | INFO     | Epoch 223/250 - Train Loss: 0.028611, Val Loss: 0.047668[0m
2025-12-26 07:45:45,077 | INFO     | Epoch 202/250 - Train Loss: 0.027715, Val Loss: 0.045798[0m
2025-12-26 07:45:45,130 | INFO     | New best model saved with Val Loss: 0.045798
2025-12-26 07:46:58,715 | INFO     | Epoch 224/250 - Train Loss: 0.028276, Val Loss: 0.048330[0m
2025-12-26 07:54:19,921 | INFO     | Epoch 225/250 - Train Loss: 0.028601, Val Loss: 0.047952[0m
2025-12-26 07:56:55,847 | INFO     | Epoch 203/250 - Train Loss: 0.027822, Val Loss: 0.046240[0m
2025-12-26 08:01:45,189 | INFO     | Epoch 226/250 - Train Loss: 0.028379, Val Loss: 0.048215[0m
2025-12-26 08:08:06,478 | INFO     | Epoch 204/250 - Train Loss: 0.027863, Val Loss: 0.046056[0m
2025-12-26 08:09:10,511 | INFO     | Epoch 227/250 - Train Loss: 0.028393, Val Loss: 0.047935[0m
2025-12-26 08:16:35,823 | INFO     | Epoch 228/250 - Train Loss: 0.028480, Val Loss: 0.047856[0m
2025-12-26 08:19:17,242 | INFO     | Epoch 205/250 - Train Loss: 0.027543, Val Loss: 0.046248[0m
2025-12-26 08:24:01,102 | INFO     | Epoch 229/250 - Train Loss: 0.027703, Val Loss: 0.048140[0m
2025-12-26 08:30:28,105 | INFO     | Epoch 206/250 - Train Loss: 0.027501, Val Loss: 0.046227[0m
2025-12-26 08:31:22,326 | INFO     | Epoch 230/250 - Train Loss: 0.027743, Val Loss: 0.047872[0m
2025-12-26 08:38:47,716 | INFO     | Epoch 231/250 - Train Loss: 0.027915, Val Loss: 0.048196[0m
2025-12-26 08:41:38,890 | INFO     | Epoch 207/250 - Train Loss: 0.027522, Val Loss: 0.045898[0m
2025-12-26 08:46:12,997 | INFO     | Epoch 232/250 - Train Loss: 0.028601, Val Loss: 0.048329[0m
2025-12-26 08:52:49,633 | INFO     | Epoch 208/250 - Train Loss: 0.027518, Val Loss: 0.046395[0m
2025-12-26 08:53:38,279 | INFO     | Epoch 233/250 - Train Loss: 0.027869, Val Loss: 0.048359[0m
2025-12-26 09:01:03,583 | INFO     | Epoch 234/250 - Train Loss: 0.027748, Val Loss: 0.048289[0m
2025-12-26 09:04:00,359 | INFO     | Epoch 209/250 - Train Loss: 0.027688, Val Loss: 0.047149[0m
2025-12-26 09:08:27,276 | INFO     | Epoch 235/250 - Train Loss: 0.027569, Val Loss: 0.047930[0m
2025-12-26 09:15:11,026 | INFO     | Epoch 210/250 - Train Loss: 0.027852, Val Loss: 0.046157[0m
2025-12-26 09:15:50,100 | INFO     | Epoch 236/250 - Train Loss: 0.027567, Val Loss: 0.048167[0m
2025-12-26 09:23:15,370 | INFO     | Epoch 237/250 - Train Loss: 0.027714, Val Loss: 0.047690[0m
2025-12-26 09:26:23,035 | INFO     | Epoch 211/250 - Train Loss: 0.028024, Val Loss: 0.046093[0m
2025-12-26 09:30:40,644 | INFO     | Epoch 238/250 - Train Loss: 0.027358, Val Loss: 0.048404[0m
2025-12-26 09:37:33,462 | INFO     | Epoch 212/250 - Train Loss: 0.027281, Val Loss: 0.046329[0m
2025-12-26 09:38:05,916 | INFO     | Epoch 239/250 - Train Loss: 0.027391, Val Loss: 0.047755[0m
2025-12-26 09:45:31,247 | INFO     | Epoch 240/250 - Train Loss: 0.027411, Val Loss: 0.048544[0m
2025-12-26 09:48:44,181 | INFO     | Epoch 213/250 - Train Loss: 0.027088, Val Loss: 0.046800[0m
2025-12-26 09:52:52,494 | INFO     | Epoch 241/250 - Train Loss: 0.027580, Val Loss: 0.048604[0m
2025-12-26 09:59:56,805 | INFO     | Epoch 214/250 - Train Loss: 0.027046, Val Loss: 0.046934[0m
2025-12-26 10:00:18,017 | INFO     | Epoch 242/250 - Train Loss: 0.027397, Val Loss: 0.048857[0m
2025-12-26 10:07:43,458 | INFO     | Epoch 243/250 - Train Loss: 0.027402, Val Loss: 0.049004[0m
2025-12-26 10:11:09,568 | INFO     | Epoch 215/250 - Train Loss: 0.027188, Val Loss: 0.047228[0m
2025-12-26 10:15:08,692 | INFO     | Epoch 244/250 - Train Loss: 0.027510, Val Loss: 0.048547[0m
2025-12-26 10:22:22,065 | INFO     | Epoch 216/250 - Train Loss: 0.027301, Val Loss: 0.046830[0m
2025-12-26 10:22:34,066 | INFO     | Epoch 245/250 - Train Loss: 0.027307, Val Loss: 0.048970[0m
2025-12-26 10:29:55,488 | INFO     | Epoch 246/250 - Train Loss: 0.027382, Val Loss: 0.048444[0m
2025-12-26 10:33:34,711 | INFO     | Epoch 217/250 - Train Loss: 0.027205, Val Loss: 0.046655[0m
2025-12-26 10:37:20,787 | INFO     | Epoch 247/250 - Train Loss: 0.027135, Val Loss: 0.048052[0m
2025-12-26 10:44:46,297 | INFO     | Epoch 248/250 - Train Loss: 0.027064, Val Loss: 0.047941[0m
2025-12-26 10:44:47,312 | INFO     | Epoch 218/250 - Train Loss: 0.026939, Val Loss: 0.045873[0m
2025-12-26 10:52:11,575 | INFO     | Epoch 249/250 - Train Loss: 0.027423, Val Loss: 0.048399[0m
2025-12-26 10:55:59,847 | INFO     | Epoch 219/250 - Train Loss: 0.027069, Val Loss: 0.046854[0m
2025-12-26 10:59:37,197 | INFO     | Epoch 250/250 - Train Loss: 0.027565, Val Loss: 0.049204[0m
2025-12-26 10:59:37,332 | INFO     | Final model saved to experiments_DrivAerNet++/WW_spressure_N10k_lr1e-3_e250/final_model.pth
2025-12-26 10:59:37,333 | INFO     | Testing the final model
2025-12-26 11:00:01,602 | INFO     | *******************[35mL2_erro:[0m
2025-12-26 11:00:01,602 | INFO     |  0.171192
2025-12-26 11:00:01,602 | INFO     | *******************[35mmse_loss:[0m
2025-12-26 11:00:01,602 | INFO     |  0.053249
2025-12-26 11:00:01,602 | INFO     | *******************[35minference_time:[0m
2025-12-26 11:00:01,602 | INFO     |  0.000000
2025-12-26 11:00:01,602 | INFO     | Testing the best model
2025-12-26 11:00:26,055 | INFO     | *******************[35mL2_erro:[0m
2025-12-26 11:00:26,055 | INFO     |  0.166092
2025-12-26 11:00:26,055 | INFO     | *******************[35mmse_loss:[0m
2025-12-26 11:00:26,055 | INFO     |  0.050815
2025-12-26 11:00:26,055 | INFO     | *******************[35minference_time:[0m
2025-12-26 11:00:26,055 | INFO     |  0.000000
2025-12-26 11:07:12,586 | INFO     | Epoch 220/250 - Train Loss: 0.026982, Val Loss: 0.046306[0m
2025-12-26 11:18:25,369 | INFO     | Epoch 221/250 - Train Loss: 0.026843, Val Loss: 0.047575[0m
2025-12-26 11:29:37,907 | INFO     | Epoch 222/250 - Train Loss: 0.026876, Val Loss: 0.046763[0m
2025-12-26 11:40:50,630 | INFO     | Epoch 223/250 - Train Loss: 0.026919, Val Loss: 0.046759[0m
2025-12-26 11:52:03,621 | INFO     | Epoch 224/250 - Train Loss: 0.026685, Val Loss: 0.047083[0m
2025-12-26 12:03:16,716 | INFO     | Epoch 225/250 - Train Loss: 0.026720, Val Loss: 0.046703[0m
2025-12-26 12:14:30,017 | INFO     | Epoch 226/250 - Train Loss: 0.026951, Val Loss: 0.047484[0m
2025-12-26 12:25:43,235 | INFO     | Epoch 227/250 - Train Loss: 0.026980, Val Loss: 0.046723[0m
2025-12-26 12:36:56,382 | INFO     | Epoch 228/250 - Train Loss: 0.026642, Val Loss: 0.047146[0m
2025-12-26 12:48:09,488 | INFO     | Epoch 229/250 - Train Loss: 0.026451, Val Loss: 0.047185[0m
2025-12-26 12:59:22,807 | INFO     | Epoch 230/250 - Train Loss: 0.026428, Val Loss: 0.046741[0m
2025-12-26 13:10:36,134 | INFO     | Epoch 231/250 - Train Loss: 0.026340, Val Loss: 0.047123[0m
2025-12-26 13:21:49,358 | INFO     | Epoch 232/250 - Train Loss: 0.026370, Val Loss: 0.046855[0m
2025-12-26 13:33:02,338 | INFO     | Epoch 233/250 - Train Loss: 0.026360, Val Loss: 0.046971[0m
2025-12-26 13:44:14,268 | INFO     | Epoch 234/250 - Train Loss: 0.026347, Val Loss: 0.047386[0m
2025-12-26 13:55:26,148 | INFO     | Epoch 235/250 - Train Loss: 0.026364, Val Loss: 0.046808[0m
2025-12-26 14:06:38,122 | INFO     | Epoch 236/250 - Train Loss: 0.026293, Val Loss: 0.047459[0m
2025-12-26 14:17:50,071 | INFO     | Epoch 237/250 - Train Loss: 0.026004, Val Loss: 0.047303[0m
2025-12-26 14:29:02,029 | INFO     | Epoch 238/250 - Train Loss: 0.025963, Val Loss: 0.046921[0m
2025-12-26 14:40:13,912 | INFO     | Epoch 239/250 - Train Loss: 0.026436, Val Loss: 0.047090[0m
2025-12-26 14:51:25,869 | INFO     | Epoch 240/250 - Train Loss: 0.026049, Val Loss: 0.048784[0m
2025-12-26 15:02:37,835 | INFO     | Epoch 241/250 - Train Loss: 0.026248, Val Loss: 0.046758[0m
2025-12-26 15:13:49,723 | INFO     | Epoch 242/250 - Train Loss: 0.025870, Val Loss: 0.047200[0m
2025-12-26 15:25:01,697 | INFO     | Epoch 243/250 - Train Loss: 0.025832, Val Loss: 0.047526[0m
2025-12-26 15:36:13,263 | INFO     | Epoch 244/250 - Train Loss: 0.025902, Val Loss: 0.047448[0m
2025-12-26 15:47:24,776 | INFO     | Epoch 245/250 - Train Loss: 0.026022, Val Loss: 0.047108[0m
2025-12-26 15:58:36,311 | INFO     | Epoch 246/250 - Train Loss: 0.026179, Val Loss: 0.047527[0m
2025-12-26 16:09:47,872 | INFO     | Epoch 247/250 - Train Loss: 0.026033, Val Loss: 0.054532[0m
2025-12-26 16:20:59,894 | INFO     | Epoch 248/250 - Train Loss: 0.026351, Val Loss: 0.046886[0m
2025-12-26 16:32:11,971 | INFO     | Epoch 249/250 - Train Loss: 0.025477, Val Loss: 0.047429[0m
2025-12-26 16:43:24,022 | INFO     | Epoch 250/250 - Train Loss: 0.025485, Val Loss: 0.047102[0m
2025-12-26 16:43:24,178 | INFO     | Final model saved to experiments_DrivAerNet++/WW_spressure_N10k_lr1e-3_e250/final_model.pth
2025-12-26 16:43:24,179 | INFO     | Testing the final model
2025-12-26 16:44:01,121 | INFO     | *******************[35mL2_erro:[0m
2025-12-26 16:44:01,122 | INFO     |  0.168277
2025-12-26 16:44:01,122 | INFO     | *******************[35mmse_loss:[0m
2025-12-26 16:44:01,122 | INFO     |  0.051827
2025-12-26 16:44:01,122 | INFO     | *******************[35minference_time:[0m
2025-12-26 16:44:01,122 | INFO     |  0.000000
2025-12-26 16:44:01,122 | INFO     | Testing the best model
2025-12-26 16:44:38,467 | INFO     | *******************[35mL2_erro:[0m
2025-12-26 16:44:38,467 | INFO     |  0.166092
2025-12-26 16:44:38,467 | INFO     | *******************[35mmse_loss:[0m
2025-12-26 16:44:38,468 | INFO     |  0.050815
2025-12-26 16:44:38,468 | INFO     | *******************[35minference_time:[0m
2025-12-26 16:44:38,468 | INFO     |  0.000000
2025-12-28 14:25:36,348 | INFO     | Config:
exp_name: WW_spressure_N10k_lr1e-3_e250
model:
  input_dim: 3
  output_dim: 1
  head_num: 8
  hidden_dim: 256
  res: true
  slice_num: 32
  layer_num: 5
  mlp_ratio: 1.5
  dropout: 0.1
training:
  input: x_pres
  target: y_pres
  x_mean:
  - 1.5160021
  - -5.4310558e-06
  - 0.58746094
  x_std:
  - 1.415669
  - 0.65769494
  - 0.38634354
  y_mean: -95.576584
  y_std: 123.44368
  batch_size: 1
  epochs: 250
  lr: 0.001
  scheduler_step: 50
  scheduler_gamma: 0.5
  max_grad_norm: 0.1
  num_workers: 1
  weight_decay: 0.0
  test_only: 0
  gpus: '0'
  seed: 42
dataload:
  directory: /mnt/wjc_group/mae-zhangbj/DrivAerNet++_dataset/E_S_WW_WM

2025-12-28 14:25:36,349 | INFO     | args.exp_name : WW_spressure_N10k_lr1e-3_e250
2025-12-28 14:25:36,349 | INFO     | Starting training with 1 GPUs
2025-12-28 14:25:38,206 | INFO     | Total trainable parameters: 3381321
2025-12-28 14:25:38,206 | INFO     | Data loaded: 464 training batches, 118 validation batches, 110 test batches
2025-12-28 14:25:38,207 | INFO     | Staring training for 250 epochs
2025-12-28 14:26:57,417 | INFO     | Config:
exp_name: WW_spressure_N10k_lr1e-3_e250
model:
  input_dim: 3
  output_dim: 1
  head_num: 8
  hidden_dim: 256
  res: true
  slice_num: 32
  layer_num: 5
  mlp_ratio: 1.5
  dropout: 0.1
training:
  input: x_pres
  target: y_pres
  x_mean:
  - 1.5160021
  - -5.4310558e-06
  - 0.58746094
  x_std:
  - 1.415669
  - 0.65769494
  - 0.38634354
  y_mean: -95.576584
  y_std: 123.44368
  batch_size: 1
  epochs: 250
  lr: 0.001
  scheduler_step: 50
  scheduler_gamma: 0.5
  max_grad_norm: 0.1
  num_workers: 1
  weight_decay: 0.0
  test_only: 0
  gpus: '0'
  seed: 42
dataload:
  directory: /mnt/wjc_group/mae-zhangbj/DrivAerNet++_dataset/E_S_WW_WM

2025-12-28 14:26:57,417 | INFO     | args.exp_name : WW_spressure_N10k_lr1e-3_e250
2025-12-28 14:26:57,417 | INFO     | Starting training with 1 GPUs
2025-12-28 14:26:59,868 | INFO     | Total trainable parameters: 3381321
2025-12-28 14:26:59,868 | INFO     | Data loaded: 464 training batches, 118 validation batches, 110 test batches
2025-12-28 14:26:59,868 | INFO     | Staring training for 250 epochs
2025-12-28 14:41:50,055 | INFO     | Epoch 1/250 - Train Loss: 0.958788, Val Loss: 0.596005[0m
2025-12-28 14:41:50,103 | INFO     | New best model saved with Val Loss: 0.596005
2025-12-28 14:45:12,905 | INFO     | Config:
exp_name: WW_spressure_N10k_lr1e-3_e250
model:
  input_dim: 3
  output_dim: 1
  head_num: 8
  hidden_dim: 256
  res: true
  slice_num: 32
  layer_num: 5
  mlp_ratio: 1.5
  dropout: 0.1
training:
  input: x_pres
  target: y_pres
  x_mean:
  - 1.5160021
  - -5.4310558e-06
  - 0.58746094
  x_std:
  - 1.415669
  - 0.65769494
  - 0.38634354
  y_mean: -95.576584
  y_std: 123.44368
  batch_size: 1
  epochs: 250
  lr: 0.001
  scheduler_step: 50
  scheduler_gamma: 0.5
  max_grad_norm: 0.1
  num_workers: 1
  weight_decay: 0.0
  test_only: 0
  gpus: '0'
  seed: 42
dataload:
  directory: /mnt/wjc_group/mae-zhangbj/DrivAerNet++_dataset/E_S_WW_WM

2025-12-28 14:45:12,905 | INFO     | args.exp_name : WW_spressure_N10k_lr1e-3_e250
2025-12-28 14:45:12,905 | INFO     | Starting training with 1 GPUs
2025-12-28 14:45:14,364 | INFO     | Total trainable parameters: 3381321
2025-12-28 14:45:14,365 | INFO     | Data loaded: 464 training batches, 118 validation batches, 110 test batches
2025-12-28 14:45:14,366 | INFO     | Staring training for 250 epochs
2025-12-28 14:52:42,523 | INFO     | Epoch 1/250 - Train Loss: 1.002931, Val Loss: 0.789609[0m
2025-12-28 14:52:42,579 | INFO     | New best model saved with Val Loss: 0.789609
2025-12-28 15:00:09,442 | INFO     | Epoch 2/250 - Train Loss: 0.564870, Val Loss: 0.499025[0m
2025-12-28 15:00:09,498 | INFO     | New best model saved with Val Loss: 0.499025
2025-12-28 15:07:36,394 | INFO     | Epoch 3/250 - Train Loss: 0.442760, Val Loss: 0.445770[0m
2025-12-28 15:07:36,436 | INFO     | New best model saved with Val Loss: 0.445770
2025-12-28 15:15:04,985 | INFO     | Epoch 4/250 - Train Loss: 0.385256, Val Loss: 0.406781[0m
2025-12-28 15:15:05,037 | INFO     | New best model saved with Val Loss: 0.406781
2025-12-28 15:22:34,215 | INFO     | Epoch 5/250 - Train Loss: 0.320511, Val Loss: 0.295200[0m
2025-12-28 15:22:34,269 | INFO     | New best model saved with Val Loss: 0.295200
2025-12-28 15:30:03,480 | INFO     | Epoch 6/250 - Train Loss: 0.281179, Val Loss: 0.259932[0m
2025-12-28 15:30:03,530 | INFO     | New best model saved with Val Loss: 0.259932
2025-12-28 15:37:32,717 | INFO     | Epoch 7/250 - Train Loss: 0.258092, Val Loss: 0.252672[0m
2025-12-28 15:37:32,767 | INFO     | New best model saved with Val Loss: 0.252672
2025-12-28 15:45:01,963 | INFO     | Epoch 8/250 - Train Loss: 0.239306, Val Loss: 0.231871[0m
2025-12-28 15:45:02,015 | INFO     | New best model saved with Val Loss: 0.231871
2025-12-28 15:52:31,234 | INFO     | Epoch 9/250 - Train Loss: 0.226164, Val Loss: 0.216348[0m
2025-12-28 15:52:31,289 | INFO     | New best model saved with Val Loss: 0.216348
2025-12-28 16:00:00,402 | INFO     | Epoch 10/250 - Train Loss: 0.218738, Val Loss: 0.212133[0m
2025-12-28 16:00:00,449 | INFO     | New best model saved with Val Loss: 0.212133
2025-12-28 16:07:29,708 | INFO     | Epoch 11/250 - Train Loss: 0.213932, Val Loss: 0.203368[0m
2025-12-28 16:07:29,769 | INFO     | New best model saved with Val Loss: 0.203368
2025-12-28 16:14:59,037 | INFO     | Epoch 12/250 - Train Loss: 0.206533, Val Loss: 0.233361[0m
2025-12-28 16:22:28,153 | INFO     | Epoch 13/250 - Train Loss: 0.201178, Val Loss: 0.200030[0m
2025-12-28 16:22:28,208 | INFO     | New best model saved with Val Loss: 0.200030
2025-12-28 16:29:57,328 | INFO     | Epoch 14/250 - Train Loss: 0.193249, Val Loss: 0.192739[0m
2025-12-28 16:29:57,378 | INFO     | New best model saved with Val Loss: 0.192739
2025-12-28 16:37:26,461 | INFO     | Epoch 15/250 - Train Loss: 0.188683, Val Loss: 0.178555[0m
2025-12-28 16:37:26,513 | INFO     | New best model saved with Val Loss: 0.178555
2025-12-28 16:44:55,671 | INFO     | Epoch 16/250 - Train Loss: 0.183787, Val Loss: 0.188206[0m
2025-12-28 16:52:24,907 | INFO     | Epoch 17/250 - Train Loss: 0.175822, Val Loss: 0.164214[0m
2025-12-28 16:52:24,958 | INFO     | New best model saved with Val Loss: 0.164214
2025-12-28 16:59:54,025 | INFO     | Epoch 18/250 - Train Loss: 0.172813, Val Loss: 0.160904[0m
2025-12-28 16:59:54,078 | INFO     | New best model saved with Val Loss: 0.160904
2025-12-28 17:07:23,272 | INFO     | Epoch 19/250 - Train Loss: 0.168333, Val Loss: 0.162666[0m
2025-12-28 17:14:52,375 | INFO     | Epoch 20/250 - Train Loss: 0.160292, Val Loss: 0.164198[0m
2025-12-28 17:22:21,461 | INFO     | Epoch 21/250 - Train Loss: 0.153001, Val Loss: 0.144727[0m
2025-12-28 17:22:21,504 | INFO     | New best model saved with Val Loss: 0.144727
2025-12-28 17:29:50,666 | INFO     | Epoch 22/250 - Train Loss: 0.145628, Val Loss: 0.132317[0m
2025-12-28 17:29:50,720 | INFO     | New best model saved with Val Loss: 0.132317
2025-12-28 17:37:19,678 | INFO     | Epoch 23/250 - Train Loss: 0.138295, Val Loss: 0.138087[0m
2025-12-28 17:44:48,568 | INFO     | Epoch 24/250 - Train Loss: 0.134689, Val Loss: 0.126224[0m
2025-12-28 17:44:48,621 | INFO     | New best model saved with Val Loss: 0.126224
2025-12-28 17:52:17,683 | INFO     | Epoch 25/250 - Train Loss: 0.130681, Val Loss: 0.130556[0m
2025-12-28 17:59:46,752 | INFO     | Epoch 26/250 - Train Loss: 0.124942, Val Loss: 0.115482[0m
2025-12-28 17:59:46,801 | INFO     | New best model saved with Val Loss: 0.115482
2025-12-28 18:07:15,844 | INFO     | Epoch 27/250 - Train Loss: 0.123031, Val Loss: 0.124452[0m
2025-12-28 18:14:44,878 | INFO     | Epoch 28/250 - Train Loss: 0.121007, Val Loss: 0.121233[0m
2025-12-28 18:22:13,929 | INFO     | Epoch 29/250 - Train Loss: 0.117489, Val Loss: 0.111017[0m
2025-12-28 18:22:13,982 | INFO     | New best model saved with Val Loss: 0.111017
2025-12-28 18:29:42,990 | INFO     | Epoch 30/250 - Train Loss: 0.115043, Val Loss: 0.116576[0m
2025-12-28 18:37:12,091 | INFO     | Epoch 31/250 - Train Loss: 0.111281, Val Loss: 0.109881[0m
2025-12-28 18:37:12,147 | INFO     | New best model saved with Val Loss: 0.109881
2025-12-28 18:44:41,206 | INFO     | Epoch 32/250 - Train Loss: 0.111068, Val Loss: 0.122476[0m
2025-12-28 18:52:10,387 | INFO     | Epoch 33/250 - Train Loss: 0.107941, Val Loss: 0.111296[0m
2025-12-28 18:59:39,585 | INFO     | Epoch 34/250 - Train Loss: 0.105655, Val Loss: 0.099923[0m
2025-12-28 18:59:39,636 | INFO     | New best model saved with Val Loss: 0.099923
2025-12-28 19:07:08,779 | INFO     | Epoch 35/250 - Train Loss: 0.104056, Val Loss: 0.100192[0m
2025-12-28 19:14:37,974 | INFO     | Epoch 36/250 - Train Loss: 0.100926, Val Loss: 0.105063[0m
2025-12-28 19:22:07,194 | INFO     | Epoch 37/250 - Train Loss: 0.099769, Val Loss: 0.092030[0m
2025-12-28 19:22:07,250 | INFO     | New best model saved with Val Loss: 0.092030
2025-12-28 19:29:36,334 | INFO     | Epoch 38/250 - Train Loss: 0.096871, Val Loss: 0.096819[0m
2025-12-28 19:37:05,461 | INFO     | Epoch 39/250 - Train Loss: 0.094473, Val Loss: 0.090849[0m
2025-12-28 19:37:05,511 | INFO     | New best model saved with Val Loss: 0.090849
2025-12-28 19:44:34,420 | INFO     | Epoch 40/250 - Train Loss: 0.093406, Val Loss: 0.091177[0m
2025-12-28 19:52:03,673 | INFO     | Epoch 41/250 - Train Loss: 0.091000, Val Loss: 0.100122[0m
2025-12-28 19:59:32,718 | INFO     | Epoch 42/250 - Train Loss: 0.088733, Val Loss: 0.084929[0m
2025-12-28 19:59:32,770 | INFO     | New best model saved with Val Loss: 0.084929
2025-12-28 20:07:01,846 | INFO     | Epoch 43/250 - Train Loss: 0.087647, Val Loss: 0.086472[0m
2025-12-28 20:14:30,901 | INFO     | Epoch 44/250 - Train Loss: 0.084403, Val Loss: 0.082170[0m
2025-12-28 20:14:30,953 | INFO     | New best model saved with Val Loss: 0.082170
2025-12-28 20:22:00,132 | INFO     | Epoch 45/250 - Train Loss: 0.083987, Val Loss: 0.079760[0m
2025-12-28 20:22:00,189 | INFO     | New best model saved with Val Loss: 0.079760
2025-12-28 20:29:29,281 | INFO     | Epoch 46/250 - Train Loss: 0.082141, Val Loss: 0.077972[0m
2025-12-28 20:29:29,332 | INFO     | New best model saved with Val Loss: 0.077972
2025-12-28 20:36:58,519 | INFO     | Epoch 47/250 - Train Loss: 0.082142, Val Loss: 0.079984[0m
2025-12-28 20:44:27,749 | INFO     | Epoch 48/250 - Train Loss: 0.080623, Val Loss: 0.078648[0m
2025-12-28 20:51:56,994 | INFO     | Epoch 49/250 - Train Loss: 0.079565, Val Loss: 0.077341[0m
2025-12-28 20:51:57,045 | INFO     | New best model saved with Val Loss: 0.077341
2025-12-28 20:59:26,139 | INFO     | Epoch 50/250 - Train Loss: 0.078109, Val Loss: 0.076318[0m
2025-12-28 20:59:26,200 | INFO     | New best model saved with Val Loss: 0.076318
2025-12-28 21:06:55,410 | INFO     | Epoch 51/250 - Train Loss: 0.067692, Val Loss: 0.065832[0m
2025-12-28 21:06:55,461 | INFO     | New best model saved with Val Loss: 0.065832
2025-12-28 21:14:24,666 | INFO     | Epoch 52/250 - Train Loss: 0.066375, Val Loss: 0.065480[0m
2025-12-28 21:14:24,717 | INFO     | New best model saved with Val Loss: 0.065480
2025-12-28 21:21:53,942 | INFO     | Epoch 53/250 - Train Loss: 0.066708, Val Loss: 0.065460[0m
2025-12-28 21:21:53,995 | INFO     | New best model saved with Val Loss: 0.065460
2025-12-28 21:29:23,297 | INFO     | Epoch 54/250 - Train Loss: 0.066086, Val Loss: 0.066038[0m
2025-12-28 21:36:52,365 | INFO     | Epoch 55/250 - Train Loss: 0.065057, Val Loss: 0.063960[0m
2025-12-28 21:36:52,418 | INFO     | New best model saved with Val Loss: 0.063960
2025-12-28 21:44:21,560 | INFO     | Epoch 56/250 - Train Loss: 0.064789, Val Loss: 0.064486[0m
2025-12-28 21:51:50,735 | INFO     | Epoch 57/250 - Train Loss: 0.065337, Val Loss: 0.067642[0m
2025-12-28 21:59:19,917 | INFO     | Epoch 58/250 - Train Loss: 0.064021, Val Loss: 0.065161[0m
2025-12-28 22:06:49,155 | INFO     | Epoch 59/250 - Train Loss: 0.063442, Val Loss: 0.065671[0m
2025-12-28 22:14:18,238 | INFO     | Epoch 60/250 - Train Loss: 0.063190, Val Loss: 0.065888[0m
2025-12-28 22:21:47,601 | INFO     | Epoch 61/250 - Train Loss: 0.062717, Val Loss: 0.066786[0m
2025-12-28 22:29:16,806 | INFO     | Epoch 62/250 - Train Loss: 0.062235, Val Loss: 0.066123[0m
2025-12-28 22:36:45,965 | INFO     | Epoch 63/250 - Train Loss: 0.061683, Val Loss: 0.063434[0m
2025-12-28 22:36:46,020 | INFO     | New best model saved with Val Loss: 0.063434
2025-12-28 22:44:15,200 | INFO     | Epoch 64/250 - Train Loss: 0.062162, Val Loss: 0.064569[0m
2025-12-28 22:51:44,322 | INFO     | Epoch 65/250 - Train Loss: 0.060997, Val Loss: 0.063981[0m
2025-12-28 22:59:13,541 | INFO     | Epoch 66/250 - Train Loss: 0.061200, Val Loss: 0.062537[0m
2025-12-28 22:59:13,592 | INFO     | New best model saved with Val Loss: 0.062537
2025-12-28 23:06:42,745 | INFO     | Epoch 67/250 - Train Loss: 0.060633, Val Loss: 0.061332[0m
2025-12-28 23:06:42,797 | INFO     | New best model saved with Val Loss: 0.061332
2025-12-28 23:14:11,907 | INFO     | Epoch 68/250 - Train Loss: 0.060236, Val Loss: 0.062079[0m
2025-12-28 23:21:40,949 | INFO     | Epoch 69/250 - Train Loss: 0.060574, Val Loss: 0.061256[0m
2025-12-28 23:21:41,003 | INFO     | New best model saved with Val Loss: 0.061256
2025-12-28 23:29:09,986 | INFO     | Epoch 70/250 - Train Loss: 0.059738, Val Loss: 0.062756[0m
2025-12-28 23:36:39,212 | INFO     | Epoch 71/250 - Train Loss: 0.059302, Val Loss: 0.061174[0m
2025-12-28 23:36:39,266 | INFO     | New best model saved with Val Loss: 0.061174
2025-12-28 23:44:08,458 | INFO     | Epoch 72/250 - Train Loss: 0.058660, Val Loss: 0.060856[0m
2025-12-28 23:44:08,513 | INFO     | New best model saved with Val Loss: 0.060856
2025-12-28 23:51:37,683 | INFO     | Epoch 73/250 - Train Loss: 0.059393, Val Loss: 0.058442[0m
2025-12-28 23:51:37,743 | INFO     | New best model saved with Val Loss: 0.058442
2025-12-28 23:59:06,947 | INFO     | Epoch 74/250 - Train Loss: 0.057854, Val Loss: 0.059972[0m
2025-12-29 00:06:36,142 | INFO     | Epoch 75/250 - Train Loss: 0.058090, Val Loss: 0.061698[0m
2025-12-29 00:14:05,227 | INFO     | Epoch 76/250 - Train Loss: 0.058370, Val Loss: 0.061602[0m
2025-12-29 00:21:34,359 | INFO     | Epoch 77/250 - Train Loss: 0.057737, Val Loss: 0.058299[0m
2025-12-29 00:21:34,412 | INFO     | New best model saved with Val Loss: 0.058299
2025-12-29 00:29:03,529 | INFO     | Epoch 78/250 - Train Loss: 0.057312, Val Loss: 0.059333[0m
2025-12-29 00:36:32,474 | INFO     | Epoch 79/250 - Train Loss: 0.057541, Val Loss: 0.058649[0m
2025-12-29 00:44:01,523 | INFO     | Epoch 80/250 - Train Loss: 0.057030, Val Loss: 0.059500[0m
2025-12-29 00:51:30,861 | INFO     | Epoch 81/250 - Train Loss: 0.056999, Val Loss: 0.057402[0m
2025-12-29 00:51:30,913 | INFO     | New best model saved with Val Loss: 0.057402
2025-12-29 00:59:00,042 | INFO     | Epoch 82/250 - Train Loss: 0.056413, Val Loss: 0.059005[0m
2025-12-29 01:06:29,242 | INFO     | Epoch 83/250 - Train Loss: 0.056371, Val Loss: 0.057758[0m
2025-12-29 01:13:58,422 | INFO     | Epoch 84/250 - Train Loss: 0.055899, Val Loss: 0.062267[0m
2025-12-29 01:21:27,573 | INFO     | Epoch 85/250 - Train Loss: 0.055359, Val Loss: 0.061939[0m
2025-12-29 01:28:56,703 | INFO     | Epoch 86/250 - Train Loss: 0.055326, Val Loss: 0.058655[0m
2025-12-29 01:36:25,948 | INFO     | Epoch 87/250 - Train Loss: 0.055646, Val Loss: 0.059239[0m
2025-12-29 01:43:55,263 | INFO     | Epoch 88/250 - Train Loss: 0.055687, Val Loss: 0.059799[0m
2025-12-29 01:51:24,440 | INFO     | Epoch 89/250 - Train Loss: 0.055139, Val Loss: 0.057823[0m
2025-12-29 01:58:53,589 | INFO     | Epoch 90/250 - Train Loss: 0.054922, Val Loss: 0.057635[0m
2025-12-29 02:06:22,892 | INFO     | Epoch 91/250 - Train Loss: 0.054655, Val Loss: 0.056451[0m
2025-12-29 02:06:22,947 | INFO     | New best model saved with Val Loss: 0.056451
2025-12-29 02:13:52,093 | INFO     | Epoch 92/250 - Train Loss: 0.053985, Val Loss: 0.062133[0m
2025-12-29 02:21:21,388 | INFO     | Epoch 93/250 - Train Loss: 0.054310, Val Loss: 0.058741[0m
2025-12-29 02:28:50,580 | INFO     | Epoch 94/250 - Train Loss: 0.054454, Val Loss: 0.054753[0m
2025-12-29 02:28:50,635 | INFO     | New best model saved with Val Loss: 0.054753
2025-12-29 02:36:19,835 | INFO     | Epoch 95/250 - Train Loss: 0.054230, Val Loss: 0.058498[0m
2025-12-29 02:43:49,083 | INFO     | Epoch 96/250 - Train Loss: 0.053601, Val Loss: 0.056063[0m
2025-12-29 02:51:18,298 | INFO     | Epoch 97/250 - Train Loss: 0.053844, Val Loss: 0.056034[0m
2025-12-29 02:58:47,510 | INFO     | Epoch 98/250 - Train Loss: 0.053134, Val Loss: 0.057355[0m
2025-12-29 03:06:16,561 | INFO     | Epoch 99/250 - Train Loss: 0.053325, Val Loss: 0.055472[0m
2025-12-29 03:13:45,661 | INFO     | Epoch 100/250 - Train Loss: 0.052834, Val Loss: 0.055549[0m
2025-12-29 03:21:14,852 | INFO     | Epoch 101/250 - Train Loss: 0.047970, Val Loss: 0.051989[0m
2025-12-29 03:21:14,908 | INFO     | New best model saved with Val Loss: 0.051989
2025-12-29 03:28:44,046 | INFO     | Epoch 102/250 - Train Loss: 0.047583, Val Loss: 0.051257[0m
2025-12-29 03:28:44,097 | INFO     | New best model saved with Val Loss: 0.051257
2025-12-29 03:36:13,306 | INFO     | Epoch 103/250 - Train Loss: 0.047337, Val Loss: 0.051193[0m
2025-12-29 03:36:13,363 | INFO     | New best model saved with Val Loss: 0.051193
2025-12-29 03:43:42,570 | INFO     | Epoch 104/250 - Train Loss: 0.047277, Val Loss: 0.052184[0m
2025-12-29 03:51:11,762 | INFO     | Epoch 105/250 - Train Loss: 0.046830, Val Loss: 0.052667[0m
2025-12-29 03:58:40,967 | INFO     | Epoch 106/250 - Train Loss: 0.046827, Val Loss: 0.053135[0m
2025-12-29 04:06:10,097 | INFO     | Epoch 107/250 - Train Loss: 0.046597, Val Loss: 0.054169[0m
2025-12-29 04:13:39,231 | INFO     | Epoch 108/250 - Train Loss: 0.046811, Val Loss: 0.052333[0m
2025-12-29 04:21:08,250 | INFO     | Epoch 109/250 - Train Loss: 0.046475, Val Loss: 0.052076[0m
2025-12-29 04:28:37,207 | INFO     | Epoch 110/250 - Train Loss: 0.047167, Val Loss: 0.051178[0m
2025-12-29 04:28:37,259 | INFO     | New best model saved with Val Loss: 0.051178
2025-12-29 04:36:06,400 | INFO     | Epoch 111/250 - Train Loss: 0.045928, Val Loss: 0.052272[0m
2025-12-29 04:43:35,498 | INFO     | Epoch 112/250 - Train Loss: 0.046048, Val Loss: 0.050748[0m
2025-12-29 04:43:35,554 | INFO     | New best model saved with Val Loss: 0.050748
2025-12-29 04:51:04,662 | INFO     | Epoch 113/250 - Train Loss: 0.045663, Val Loss: 0.055094[0m
2025-12-29 04:58:33,793 | INFO     | Epoch 114/250 - Train Loss: 0.045727, Val Loss: 0.051123[0m
2025-12-29 05:06:02,999 | INFO     | Epoch 115/250 - Train Loss: 0.045332, Val Loss: 0.052324[0m
2025-12-29 05:13:32,089 | INFO     | Epoch 116/250 - Train Loss: 0.045633, Val Loss: 0.051787[0m
2025-12-29 05:21:01,106 | INFO     | Epoch 117/250 - Train Loss: 0.045355, Val Loss: 0.050964[0m
2025-12-29 05:28:30,007 | INFO     | Epoch 118/250 - Train Loss: 0.045731, Val Loss: 0.050969[0m
2025-12-29 05:35:59,097 | INFO     | Epoch 119/250 - Train Loss: 0.044994, Val Loss: 0.052982[0m
2025-12-29 05:43:28,027 | INFO     | Epoch 120/250 - Train Loss: 0.045522, Val Loss: 0.050974[0m
2025-12-29 05:50:57,217 | INFO     | Epoch 121/250 - Train Loss: 0.044635, Val Loss: 0.050652[0m
2025-12-29 05:50:57,268 | INFO     | New best model saved with Val Loss: 0.050652
2025-12-29 05:58:26,274 | INFO     | Epoch 122/250 - Train Loss: 0.045240, Val Loss: 0.050553[0m
2025-12-29 05:58:26,322 | INFO     | New best model saved with Val Loss: 0.050553
2025-12-29 06:05:55,470 | INFO     | Epoch 123/250 - Train Loss: 0.046004, Val Loss: 0.050801[0m
2025-12-29 06:13:24,610 | INFO     | Epoch 124/250 - Train Loss: 0.044175, Val Loss: 0.050778[0m
2025-12-29 06:20:53,742 | INFO     | Epoch 125/250 - Train Loss: 0.043784, Val Loss: 0.056348[0m
2025-12-29 06:28:22,845 | INFO     | Epoch 126/250 - Train Loss: 0.046578, Val Loss: 0.051727[0m
2025-12-29 06:35:51,986 | INFO     | Epoch 127/250 - Train Loss: 0.044138, Val Loss: 0.049920[0m
2025-12-29 06:35:52,040 | INFO     | New best model saved with Val Loss: 0.049920
2025-12-29 06:43:21,086 | INFO     | Epoch 128/250 - Train Loss: 0.045603, Val Loss: 0.051222[0m
2025-12-29 06:50:50,171 | INFO     | Epoch 129/250 - Train Loss: 0.043391, Val Loss: 0.051677[0m
2025-12-29 06:58:19,035 | INFO     | Epoch 130/250 - Train Loss: 0.043537, Val Loss: 0.050525[0m
2025-12-29 07:05:48,089 | INFO     | Epoch 131/250 - Train Loss: 0.043875, Val Loss: 0.050977[0m
2025-12-29 07:13:17,248 | INFO     | Epoch 132/250 - Train Loss: 0.043245, Val Loss: 0.054997[0m
2025-12-29 07:20:46,358 | INFO     | Epoch 133/250 - Train Loss: 0.043507, Val Loss: 0.051076[0m
2025-12-29 07:28:15,419 | INFO     | Epoch 134/250 - Train Loss: 0.043039, Val Loss: 0.051593[0m
2025-12-29 07:35:44,415 | INFO     | Epoch 135/250 - Train Loss: 0.042990, Val Loss: 0.050312[0m
2025-12-29 07:43:13,571 | INFO     | Epoch 136/250 - Train Loss: 0.042955, Val Loss: 0.050849[0m
2025-12-29 07:50:42,522 | INFO     | Epoch 137/250 - Train Loss: 0.042454, Val Loss: 0.051299[0m
2025-12-29 07:58:11,672 | INFO     | Epoch 138/250 - Train Loss: 0.043865, Val Loss: 0.050584[0m
2025-12-29 08:05:40,847 | INFO     | Epoch 139/250 - Train Loss: 0.043862, Val Loss: 0.050685[0m
2025-12-29 08:13:09,845 | INFO     | Epoch 140/250 - Train Loss: 0.042621, Val Loss: 0.050696[0m
2025-12-29 08:20:39,100 | INFO     | Epoch 141/250 - Train Loss: 0.042342, Val Loss: 0.053139[0m
2025-12-29 08:28:08,230 | INFO     | Epoch 142/250 - Train Loss: 0.043469, Val Loss: 0.050182[0m
2025-12-29 08:35:37,363 | INFO     | Epoch 143/250 - Train Loss: 0.042331, Val Loss: 0.050995[0m
2025-12-29 08:43:06,413 | INFO     | Epoch 144/250 - Train Loss: 0.042463, Val Loss: 0.051029[0m
2025-12-29 08:50:35,397 | INFO     | Epoch 145/250 - Train Loss: 0.042927, Val Loss: 0.050784[0m
2025-12-29 08:58:04,524 | INFO     | Epoch 146/250 - Train Loss: 0.042264, Val Loss: 0.057429[0m
2025-12-29 09:05:33,548 | INFO     | Epoch 147/250 - Train Loss: 0.042917, Val Loss: 0.050035[0m
2025-12-29 09:13:02,740 | INFO     | Epoch 148/250 - Train Loss: 0.041653, Val Loss: 0.050749[0m
2025-12-29 09:20:31,827 | INFO     | Epoch 149/250 - Train Loss: 0.041855, Val Loss: 0.050623[0m
2025-12-29 09:28:00,858 | INFO     | Epoch 150/250 - Train Loss: 0.041496, Val Loss: 0.050478[0m
2025-12-29 09:35:30,020 | INFO     | Epoch 151/250 - Train Loss: 0.039060, Val Loss: 0.048186[0m
2025-12-29 09:35:30,070 | INFO     | New best model saved with Val Loss: 0.048186
2025-12-29 09:42:59,205 | INFO     | Epoch 152/250 - Train Loss: 0.038318, Val Loss: 0.049125[0m
2025-12-29 09:50:28,039 | INFO     | Epoch 153/250 - Train Loss: 0.038285, Val Loss: 0.048831[0m
2025-12-29 10:02:07,687 | INFO     | Config:
exp_name: WW_spressure_N10k_lr1e-3_e250
model:
  input_dim: 3
  output_dim: 1
  head_num: 8
  hidden_dim: 256
  res: true
  slice_num: 32
  layer_num: 5
  mlp_ratio: 1.5
  dropout: 0.1
training:
  input: x_pres
  target: y_pres
  x_mean:
  - 1.5160021
  - -5.4310558e-06
  - 0.58746094
  x_std:
  - 1.415669
  - 0.65769494
  - 0.38634354
  y_mean: -95.576584
  y_std: 123.44368
  batch_size: 1
  epochs: 250
  lr: 0.001
  scheduler_step: 50
  scheduler_gamma: 0.5
  max_grad_norm: 0.1
  num_workers: 1
  weight_decay: 0.0
  test_only: 0
  gpus: '0'
  seed: 42
dataload:
  directory: /mnt/wjc_group/mae-zhangbj/DrivAerNet++_dataset/E_S_WW_WM

2025-12-29 10:02:07,687 | INFO     | args.exp_name : WW_spressure_N10k_lr1e-3_e250
2025-12-29 10:02:07,687 | INFO     | Starting training with 1 GPUs
2025-12-29 10:02:08,733 | INFO     | Total trainable parameters: 3381321
2025-12-29 10:02:08,733 | INFO     | Data loaded: 464 training batches, 118 validation batches, 110 test batches
2025-12-29 10:02:08,734 | INFO     | Staring training for 250 epochs
2025-12-29 10:05:22,050 | INFO     | Epoch 1/250 - Train Loss: 0.976363, Val Loss: 0.743929[0m
2025-12-29 10:05:22,096 | INFO     | New best model saved with Val Loss: 0.743929
2025-12-29 10:08:34,851 | INFO     | Epoch 2/250 - Train Loss: 0.618783, Val Loss: 0.528449[0m
2025-12-29 10:08:34,902 | INFO     | New best model saved with Val Loss: 0.528449
2025-12-29 10:11:47,975 | INFO     | Epoch 3/250 - Train Loss: 0.477888, Val Loss: 0.456161[0m
2025-12-29 10:11:48,036 | INFO     | New best model saved with Val Loss: 0.456161
2025-12-29 10:15:01,139 | INFO     | Epoch 4/250 - Train Loss: 0.439250, Val Loss: 0.414256[0m
2025-12-29 10:15:01,196 | INFO     | New best model saved with Val Loss: 0.414256
2025-12-29 10:18:14,264 | INFO     | Epoch 5/250 - Train Loss: 0.404587, Val Loss: 0.388931[0m
2025-12-29 10:18:14,323 | INFO     | New best model saved with Val Loss: 0.388931
2025-12-29 10:21:27,365 | INFO     | Epoch 6/250 - Train Loss: 0.376111, Val Loss: 0.369369[0m
2025-12-29 10:21:27,421 | INFO     | New best model saved with Val Loss: 0.369369
2025-12-29 10:24:40,440 | INFO     | Epoch 7/250 - Train Loss: 0.340710, Val Loss: 0.339111[0m
2025-12-29 10:24:40,493 | INFO     | New best model saved with Val Loss: 0.339111
2025-12-29 10:27:53,503 | INFO     | Epoch 8/250 - Train Loss: 0.309302, Val Loss: 0.288744[0m
2025-12-29 10:27:53,560 | INFO     | New best model saved with Val Loss: 0.288744
2025-12-29 10:31:06,573 | INFO     | Epoch 9/250 - Train Loss: 0.285165, Val Loss: 0.274544[0m
2025-12-29 10:31:06,624 | INFO     | New best model saved with Val Loss: 0.274544
2025-12-29 10:34:19,792 | INFO     | Epoch 10/250 - Train Loss: 0.263225, Val Loss: 0.260003[0m
2025-12-29 10:34:19,847 | INFO     | New best model saved with Val Loss: 0.260003
2025-12-29 10:37:33,124 | INFO     | Epoch 11/250 - Train Loss: 0.248629, Val Loss: 0.236403[0m
2025-12-29 10:37:33,180 | INFO     | New best model saved with Val Loss: 0.236403
2025-12-29 10:40:46,361 | INFO     | Epoch 12/250 - Train Loss: 0.239808, Val Loss: 0.244886[0m
2025-12-29 10:43:59,565 | INFO     | Epoch 13/250 - Train Loss: 0.229364, Val Loss: 0.210303[0m
2025-12-29 10:43:59,624 | INFO     | New best model saved with Val Loss: 0.210303
2025-12-29 10:47:12,810 | INFO     | Epoch 14/250 - Train Loss: 0.215916, Val Loss: 0.207383[0m
2025-12-29 10:47:12,862 | INFO     | New best model saved with Val Loss: 0.207383
2025-12-29 10:50:26,038 | INFO     | Epoch 15/250 - Train Loss: 0.210427, Val Loss: 0.198718[0m
2025-12-29 10:50:26,088 | INFO     | New best model saved with Val Loss: 0.198718
2025-12-29 10:53:39,288 | INFO     | Epoch 16/250 - Train Loss: 0.201403, Val Loss: 0.214250[0m
2025-12-29 10:56:52,486 | INFO     | Epoch 17/250 - Train Loss: 0.193907, Val Loss: 0.200699[0m
2025-12-29 11:00:05,705 | INFO     | Epoch 18/250 - Train Loss: 0.190194, Val Loss: 0.189332[0m
2025-12-29 11:00:05,761 | INFO     | New best model saved with Val Loss: 0.189332
2025-12-29 11:03:18,996 | INFO     | Epoch 19/250 - Train Loss: 0.183379, Val Loss: 0.183403[0m
2025-12-29 11:03:19,040 | INFO     | New best model saved with Val Loss: 0.183403
2025-12-29 11:06:32,267 | INFO     | Epoch 20/250 - Train Loss: 0.180485, Val Loss: 0.191070[0m
2025-12-29 11:09:45,597 | INFO     | Epoch 21/250 - Train Loss: 0.176773, Val Loss: 0.172312[0m
2025-12-29 11:09:45,648 | INFO     | New best model saved with Val Loss: 0.172312
2025-12-29 11:12:58,858 | INFO     | Epoch 22/250 - Train Loss: 0.169519, Val Loss: 0.162737[0m
2025-12-29 11:12:58,912 | INFO     | New best model saved with Val Loss: 0.162737
2025-12-29 11:16:12,093 | INFO     | Epoch 23/250 - Train Loss: 0.167693, Val Loss: 0.166493[0m
2025-12-29 11:19:25,282 | INFO     | Epoch 24/250 - Train Loss: 0.165783, Val Loss: 0.163728[0m
2025-12-29 11:22:38,472 | INFO     | Epoch 25/250 - Train Loss: 0.159261, Val Loss: 0.159271[0m
2025-12-29 11:22:38,523 | INFO     | New best model saved with Val Loss: 0.159271
2025-12-29 11:25:51,708 | INFO     | Epoch 26/250 - Train Loss: 0.153503, Val Loss: 0.153734[0m
2025-12-29 11:25:51,762 | INFO     | New best model saved with Val Loss: 0.153734
2025-12-29 11:29:04,948 | INFO     | Epoch 27/250 - Train Loss: 0.151457, Val Loss: 0.141535[0m
2025-12-29 11:29:04,999 | INFO     | New best model saved with Val Loss: 0.141535
2025-12-29 11:32:18,149 | INFO     | Epoch 28/250 - Train Loss: 0.145468, Val Loss: 0.148307[0m
2025-12-29 11:35:31,343 | INFO     | Epoch 29/250 - Train Loss: 0.142681, Val Loss: 0.138763[0m
2025-12-29 11:35:31,396 | INFO     | New best model saved with Val Loss: 0.138763
2025-12-29 11:38:44,577 | INFO     | Epoch 30/250 - Train Loss: 0.135603, Val Loss: 0.135417[0m
2025-12-29 11:38:44,632 | INFO     | New best model saved with Val Loss: 0.135417
2025-12-29 11:41:57,799 | INFO     | Epoch 31/250 - Train Loss: 0.132844, Val Loss: 0.128658[0m
2025-12-29 11:41:57,850 | INFO     | New best model saved with Val Loss: 0.128658
2025-12-29 11:45:11,035 | INFO     | Epoch 32/250 - Train Loss: 0.124435, Val Loss: 0.116744[0m
2025-12-29 11:45:11,085 | INFO     | New best model saved with Val Loss: 0.116744
2025-12-29 11:48:24,271 | INFO     | Epoch 33/250 - Train Loss: 0.120273, Val Loss: 0.123078[0m
2025-12-29 11:51:37,432 | INFO     | Epoch 34/250 - Train Loss: 0.119862, Val Loss: 0.119784[0m
2025-12-29 11:54:50,631 | INFO     | Epoch 35/250 - Train Loss: 0.112535, Val Loss: 0.108813[0m
2025-12-29 11:54:50,684 | INFO     | New best model saved with Val Loss: 0.108813
2025-12-29 11:58:03,889 | INFO     | Epoch 36/250 - Train Loss: 0.111215, Val Loss: 0.109365[0m
2025-12-29 12:01:17,111 | INFO     | Epoch 37/250 - Train Loss: 0.109296, Val Loss: 0.118342[0m
2025-12-29 12:04:30,298 | INFO     | Epoch 38/250 - Train Loss: 0.106486, Val Loss: 0.104833[0m
2025-12-29 12:04:30,349 | INFO     | New best model saved with Val Loss: 0.104833
2025-12-29 12:07:43,552 | INFO     | Epoch 39/250 - Train Loss: 0.104701, Val Loss: 0.107356[0m
2025-12-29 12:10:56,792 | INFO     | Epoch 40/250 - Train Loss: 0.105456, Val Loss: 0.100456[0m
2025-12-29 12:10:56,841 | INFO     | New best model saved with Val Loss: 0.100456
2025-12-29 12:14:10,155 | INFO     | Epoch 41/250 - Train Loss: 0.102597, Val Loss: 0.095833[0m
2025-12-29 12:14:10,206 | INFO     | New best model saved with Val Loss: 0.095833
2025-12-29 12:17:23,419 | INFO     | Epoch 42/250 - Train Loss: 0.098829, Val Loss: 0.091495[0m
2025-12-29 12:17:23,472 | INFO     | New best model saved with Val Loss: 0.091495
2025-12-29 12:20:36,683 | INFO     | Epoch 43/250 - Train Loss: 0.097311, Val Loss: 0.093783[0m
2025-12-29 12:23:49,890 | INFO     | Epoch 44/250 - Train Loss: 0.098185, Val Loss: 0.097131[0m
2025-12-29 12:27:03,098 | INFO     | Epoch 45/250 - Train Loss: 0.095886, Val Loss: 0.087892[0m
2025-12-29 12:27:03,149 | INFO     | New best model saved with Val Loss: 0.087892
2025-12-29 12:30:16,333 | INFO     | Epoch 46/250 - Train Loss: 0.098232, Val Loss: 0.091970[0m
2025-12-29 12:33:29,536 | INFO     | Epoch 47/250 - Train Loss: 0.093285, Val Loss: 0.109527[0m
2025-12-29 12:36:42,736 | INFO     | Epoch 48/250 - Train Loss: 0.093828, Val Loss: 0.092474[0m
2025-12-29 12:39:55,947 | INFO     | Epoch 49/250 - Train Loss: 0.090520, Val Loss: 0.086575[0m
2025-12-29 12:39:55,999 | INFO     | New best model saved with Val Loss: 0.086575
2025-12-29 12:43:09,265 | INFO     | Epoch 50/250 - Train Loss: 0.089153, Val Loss: 0.084605[0m
2025-12-29 12:43:09,316 | INFO     | New best model saved with Val Loss: 0.084605
2025-12-29 12:46:22,574 | INFO     | Epoch 51/250 - Train Loss: 0.077656, Val Loss: 0.073129[0m
2025-12-29 12:46:22,628 | INFO     | New best model saved with Val Loss: 0.073129
2025-12-29 12:49:35,756 | INFO     | Epoch 52/250 - Train Loss: 0.075959, Val Loss: 0.074407[0m
2025-12-29 12:52:49,039 | INFO     | Epoch 53/250 - Train Loss: 0.075867, Val Loss: 0.074383[0m
2025-12-29 12:56:02,312 | INFO     | Epoch 54/250 - Train Loss: 0.075858, Val Loss: 0.073192[0m
2025-12-29 12:59:15,596 | INFO     | Epoch 55/250 - Train Loss: 0.075425, Val Loss: 0.071628[0m
2025-12-29 12:59:15,642 | INFO     | New best model saved with Val Loss: 0.071628
2025-12-29 13:02:28,922 | INFO     | Epoch 56/250 - Train Loss: 0.073712, Val Loss: 0.071956[0m
2025-12-29 13:05:42,226 | INFO     | Epoch 57/250 - Train Loss: 0.073932, Val Loss: 0.071295[0m
2025-12-29 13:05:42,267 | INFO     | New best model saved with Val Loss: 0.071295
2025-12-29 13:08:55,585 | INFO     | Epoch 58/250 - Train Loss: 0.072862, Val Loss: 0.075974[0m
2025-12-29 13:12:08,877 | INFO     | Epoch 59/250 - Train Loss: 0.072183, Val Loss: 0.071991[0m
2025-12-29 13:15:22,162 | INFO     | Epoch 60/250 - Train Loss: 0.071575, Val Loss: 0.071919[0m
2025-12-29 13:18:35,540 | INFO     | Epoch 61/250 - Train Loss: 0.071773, Val Loss: 0.069496[0m
2025-12-29 13:18:35,590 | INFO     | New best model saved with Val Loss: 0.069496
2025-12-29 13:21:48,846 | INFO     | Epoch 62/250 - Train Loss: 0.070091, Val Loss: 0.069833[0m
2025-12-29 13:25:02,128 | INFO     | Epoch 63/250 - Train Loss: 0.070408, Val Loss: 0.068825[0m
2025-12-29 13:25:02,183 | INFO     | New best model saved with Val Loss: 0.068825
2025-12-29 13:28:15,409 | INFO     | Epoch 64/250 - Train Loss: 0.069684, Val Loss: 0.066745[0m
2025-12-29 13:28:15,461 | INFO     | New best model saved with Val Loss: 0.066745
2025-12-29 13:31:28,778 | INFO     | Epoch 65/250 - Train Loss: 0.069516, Val Loss: 0.067841[0m
2025-12-29 13:34:42,038 | INFO     | Epoch 66/250 - Train Loss: 0.069287, Val Loss: 0.070870[0m
2025-12-29 13:37:55,356 | INFO     | Epoch 67/250 - Train Loss: 0.068319, Val Loss: 0.068901[0m
2025-12-29 13:41:08,613 | INFO     | Epoch 68/250 - Train Loss: 0.068269, Val Loss: 0.065659[0m
2025-12-29 13:41:08,657 | INFO     | New best model saved with Val Loss: 0.065659
2025-12-29 13:44:21,923 | INFO     | Epoch 69/250 - Train Loss: 0.067312, Val Loss: 0.064831[0m
2025-12-29 13:44:21,967 | INFO     | New best model saved with Val Loss: 0.064831
2025-12-29 13:47:35,220 | INFO     | Epoch 70/250 - Train Loss: 0.066493, Val Loss: 0.071324[0m
2025-12-29 13:50:48,562 | INFO     | Epoch 71/250 - Train Loss: 0.066444, Val Loss: 0.065390[0m
2025-12-29 13:54:01,815 | INFO     | Epoch 72/250 - Train Loss: 0.065622, Val Loss: 0.067380[0m
2025-12-29 13:57:15,102 | INFO     | Epoch 73/250 - Train Loss: 0.065207, Val Loss: 0.065422[0m
2025-12-29 14:00:28,386 | INFO     | Epoch 74/250 - Train Loss: 0.065625, Val Loss: 0.065883[0m
2025-12-29 14:03:41,648 | INFO     | Epoch 75/250 - Train Loss: 0.064011, Val Loss: 0.066627[0m
2025-12-29 14:06:54,907 | INFO     | Epoch 76/250 - Train Loss: 0.064427, Val Loss: 0.064223[0m
2025-12-29 14:06:54,947 | INFO     | New best model saved with Val Loss: 0.064223
2025-12-29 14:10:08,205 | INFO     | Epoch 77/250 - Train Loss: 0.064390, Val Loss: 0.063506[0m
2025-12-29 14:10:08,259 | INFO     | New best model saved with Val Loss: 0.063506
2025-12-29 14:13:21,494 | INFO     | Epoch 78/250 - Train Loss: 0.063103, Val Loss: 0.063470[0m
2025-12-29 14:13:21,533 | INFO     | New best model saved with Val Loss: 0.063470
2025-12-29 14:16:34,762 | INFO     | Epoch 79/250 - Train Loss: 0.063433, Val Loss: 0.064312[0m
2025-12-29 14:19:48,005 | INFO     | Epoch 80/250 - Train Loss: 0.063026, Val Loss: 0.063891[0m
2025-12-29 14:23:01,393 | INFO     | Epoch 81/250 - Train Loss: 0.062583, Val Loss: 0.061861[0m
2025-12-29 14:23:01,448 | INFO     | New best model saved with Val Loss: 0.061861
2025-12-29 14:26:14,701 | INFO     | Epoch 82/250 - Train Loss: 0.062155, Val Loss: 0.063285[0m
2025-12-29 14:29:27,969 | INFO     | Epoch 83/250 - Train Loss: 0.061442, Val Loss: 0.062742[0m
2025-12-29 14:32:41,215 | INFO     | Epoch 84/250 - Train Loss: 0.061861, Val Loss: 0.066966[0m
2025-12-29 14:35:54,444 | INFO     | Epoch 85/250 - Train Loss: 0.060876, Val Loss: 0.063749[0m
2025-12-29 14:39:07,705 | INFO     | Epoch 86/250 - Train Loss: 0.060547, Val Loss: 0.062349[0m
2025-12-29 14:42:20,956 | INFO     | Epoch 87/250 - Train Loss: 0.061739, Val Loss: 0.063207[0m
2025-12-29 14:45:34,204 | INFO     | Epoch 88/250 - Train Loss: 0.060874, Val Loss: 0.063096[0m
2025-12-29 14:48:47,476 | INFO     | Epoch 89/250 - Train Loss: 0.059734, Val Loss: 0.061575[0m
2025-12-29 14:48:47,527 | INFO     | New best model saved with Val Loss: 0.061575
2025-12-29 14:52:00,764 | INFO     | Epoch 90/250 - Train Loss: 0.060083, Val Loss: 0.060901[0m
2025-12-29 14:52:00,818 | INFO     | New best model saved with Val Loss: 0.060901
2025-12-29 14:55:14,155 | INFO     | Epoch 91/250 - Train Loss: 0.060205, Val Loss: 0.058785[0m
2025-12-29 14:55:14,211 | INFO     | New best model saved with Val Loss: 0.058785
2025-12-29 14:58:27,490 | INFO     | Epoch 92/250 - Train Loss: 0.058881, Val Loss: 0.062619[0m
2025-12-29 15:01:40,770 | INFO     | Epoch 93/250 - Train Loss: 0.059931, Val Loss: 0.060949[0m
2025-12-29 15:04:54,021 | INFO     | Epoch 94/250 - Train Loss: 0.058609, Val Loss: 0.058406[0m
2025-12-29 15:04:54,072 | INFO     | New best model saved with Val Loss: 0.058406
2025-12-29 15:08:07,331 | INFO     | Epoch 95/250 - Train Loss: 0.058134, Val Loss: 0.060238[0m
2025-12-29 15:11:20,612 | INFO     | Epoch 96/250 - Train Loss: 0.058398, Val Loss: 0.060347[0m
2025-12-29 15:14:33,872 | INFO     | Epoch 97/250 - Train Loss: 0.057895, Val Loss: 0.058267[0m
2025-12-29 15:14:33,927 | INFO     | New best model saved with Val Loss: 0.058267
2025-12-29 15:17:47,237 | INFO     | Epoch 98/250 - Train Loss: 0.058169, Val Loss: 0.060227[0m
2025-12-29 15:21:00,539 | INFO     | Epoch 99/250 - Train Loss: 0.057492, Val Loss: 0.058685[0m
2025-12-29 15:24:13,852 | INFO     | Epoch 100/250 - Train Loss: 0.056938, Val Loss: 0.058974[0m
2025-12-29 15:27:27,247 | INFO     | Epoch 101/250 - Train Loss: 0.051731, Val Loss: 0.054446[0m
2025-12-29 15:27:27,298 | INFO     | New best model saved with Val Loss: 0.054446
2025-12-29 15:30:40,601 | INFO     | Epoch 102/250 - Train Loss: 0.051052, Val Loss: 0.053479[0m
2025-12-29 15:30:40,652 | INFO     | New best model saved with Val Loss: 0.053479
2025-12-29 15:33:53,992 | INFO     | Epoch 103/250 - Train Loss: 0.051334, Val Loss: 0.054341[0m
2025-12-29 15:37:07,270 | INFO     | Epoch 104/250 - Train Loss: 0.050803, Val Loss: 0.055009[0m
2025-12-29 15:40:20,533 | INFO     | Epoch 105/250 - Train Loss: 0.050788, Val Loss: 0.054847[0m
2025-12-29 15:43:33,831 | INFO     | Epoch 106/250 - Train Loss: 0.050539, Val Loss: 0.054882[0m
2025-12-29 15:46:47,105 | INFO     | Epoch 107/250 - Train Loss: 0.050678, Val Loss: 0.055740[0m
2025-12-29 15:50:00,399 | INFO     | Epoch 108/250 - Train Loss: 0.050556, Val Loss: 0.053502[0m
2025-12-29 15:53:13,711 | INFO     | Epoch 109/250 - Train Loss: 0.050097, Val Loss: 0.054711[0m
2025-12-29 15:56:27,063 | INFO     | Epoch 110/250 - Train Loss: 0.049819, Val Loss: 0.055083[0m
2025-12-29 15:59:40,498 | INFO     | Epoch 111/250 - Train Loss: 0.049903, Val Loss: 0.054351[0m
2025-12-29 16:02:53,852 | INFO     | Epoch 112/250 - Train Loss: 0.049548, Val Loss: 0.055292[0m
2025-12-29 16:06:07,197 | INFO     | Epoch 113/250 - Train Loss: 0.049408, Val Loss: 0.055155[0m
2025-12-29 16:09:20,530 | INFO     | Epoch 114/250 - Train Loss: 0.049675, Val Loss: 0.053210[0m
2025-12-29 16:09:20,583 | INFO     | New best model saved with Val Loss: 0.053210
2025-12-29 16:12:33,894 | INFO     | Epoch 115/250 - Train Loss: 0.049123, Val Loss: 0.057090[0m
2025-12-29 16:15:47,227 | INFO     | Epoch 116/250 - Train Loss: 0.049378, Val Loss: 0.053744[0m
2025-12-29 16:19:00,565 | INFO     | Epoch 117/250 - Train Loss: 0.048674, Val Loss: 0.053512[0m
2025-12-29 16:22:13,885 | INFO     | Epoch 118/250 - Train Loss: 0.048672, Val Loss: 0.054210[0m
2025-12-29 16:25:27,223 | INFO     | Epoch 119/250 - Train Loss: 0.048726, Val Loss: 0.055669[0m
2025-12-29 16:28:40,534 | INFO     | Epoch 120/250 - Train Loss: 0.048871, Val Loss: 0.053229[0m
2025-12-29 16:31:53,982 | INFO     | Epoch 121/250 - Train Loss: 0.048326, Val Loss: 0.055306[0m
2025-12-29 16:35:07,304 | INFO     | Epoch 122/250 - Train Loss: 0.049671, Val Loss: 0.053450[0m
2025-12-29 16:38:20,637 | INFO     | Epoch 123/250 - Train Loss: 0.048163, Val Loss: 0.053341[0m
2025-12-29 16:41:33,975 | INFO     | Epoch 124/250 - Train Loss: 0.048221, Val Loss: 0.053033[0m
2025-12-29 16:41:34,030 | INFO     | New best model saved with Val Loss: 0.053033
2025-12-29 16:44:47,349 | INFO     | Epoch 125/250 - Train Loss: 0.047720, Val Loss: 0.055731[0m
2025-12-29 16:48:00,684 | INFO     | Epoch 126/250 - Train Loss: 0.047380, Val Loss: 0.052910[0m
2025-12-29 16:48:00,739 | INFO     | New best model saved with Val Loss: 0.052910
2025-12-29 16:51:14,065 | INFO     | Epoch 127/250 - Train Loss: 0.047874, Val Loss: 0.054308[0m
2025-12-29 16:54:27,361 | INFO     | Epoch 128/250 - Train Loss: 0.047274, Val Loss: 0.055355[0m
2025-12-29 16:57:40,677 | INFO     | Epoch 129/250 - Train Loss: 0.047603, Val Loss: 0.056115[0m
2025-12-29 17:00:54,017 | INFO     | Epoch 130/250 - Train Loss: 0.047369, Val Loss: 0.053093[0m
2025-12-29 17:04:07,474 | INFO     | Epoch 131/250 - Train Loss: 0.047461, Val Loss: 0.053378[0m
2025-12-29 17:07:20,825 | INFO     | Epoch 132/250 - Train Loss: 0.047518, Val Loss: 0.058549[0m
2025-12-29 17:10:34,147 | INFO     | Epoch 133/250 - Train Loss: 0.047430, Val Loss: 0.052855[0m
2025-12-29 17:10:34,202 | INFO     | New best model saved with Val Loss: 0.052855
2025-12-29 17:13:47,556 | INFO     | Epoch 134/250 - Train Loss: 0.046232, Val Loss: 0.052766[0m
2025-12-29 17:13:47,610 | INFO     | New best model saved with Val Loss: 0.052766
2025-12-29 17:17:00,950 | INFO     | Epoch 135/250 - Train Loss: 0.047558, Val Loss: 0.052566[0m
2025-12-29 17:17:01,011 | INFO     | New best model saved with Val Loss: 0.052566
2025-12-29 17:20:14,340 | INFO     | Epoch 136/250 - Train Loss: 0.046185, Val Loss: 0.053243[0m
2025-12-29 17:23:27,674 | INFO     | Epoch 137/250 - Train Loss: 0.046795, Val Loss: 0.054165[0m
2025-12-29 17:26:41,049 | INFO     | Epoch 138/250 - Train Loss: 0.046323, Val Loss: 0.052023[0m
2025-12-29 17:26:41,100 | INFO     | New best model saved with Val Loss: 0.052023
2025-12-29 17:29:54,453 | INFO     | Epoch 139/250 - Train Loss: 0.046338, Val Loss: 0.053046[0m
2025-12-29 17:33:07,812 | INFO     | Epoch 140/250 - Train Loss: 0.046320, Val Loss: 0.053610[0m
2025-12-29 17:36:21,226 | INFO     | Epoch 141/250 - Train Loss: 0.047144, Val Loss: 0.053546[0m
2025-12-29 17:39:34,554 | INFO     | Epoch 142/250 - Train Loss: 0.045901, Val Loss: 0.052232[0m
2025-12-29 17:42:47,897 | INFO     | Epoch 143/250 - Train Loss: 0.046072, Val Loss: 0.055730[0m
2025-12-29 17:46:01,241 | INFO     | Epoch 144/250 - Train Loss: 0.046056, Val Loss: 0.053824[0m
2025-12-29 17:49:14,581 | INFO     | Epoch 145/250 - Train Loss: 0.045537, Val Loss: 0.052137[0m
2025-12-29 17:52:27,920 | INFO     | Epoch 146/250 - Train Loss: 0.045047, Val Loss: 0.054298[0m
2025-12-29 17:55:41,259 | INFO     | Epoch 147/250 - Train Loss: 0.045783, Val Loss: 0.052217[0m
2025-12-29 17:58:54,591 | INFO     | Epoch 148/250 - Train Loss: 0.044830, Val Loss: 0.052188[0m
2025-12-29 18:02:07,953 | INFO     | Epoch 149/250 - Train Loss: 0.046212, Val Loss: 0.053717[0m
2025-12-29 18:05:21,284 | INFO     | Epoch 150/250 - Train Loss: 0.045348, Val Loss: 0.051848[0m
2025-12-29 18:05:21,330 | INFO     | New best model saved with Val Loss: 0.051848
2025-12-29 18:08:34,744 | INFO     | Epoch 151/250 - Train Loss: 0.042491, Val Loss: 0.049977[0m
2025-12-29 18:08:34,795 | INFO     | New best model saved with Val Loss: 0.049977
2025-12-29 18:11:48,171 | INFO     | Epoch 152/250 - Train Loss: 0.041339, Val Loss: 0.050597[0m
2025-12-29 18:15:01,530 | INFO     | Epoch 153/250 - Train Loss: 0.041033, Val Loss: 0.050701[0m
2025-12-29 18:18:14,873 | INFO     | Epoch 154/250 - Train Loss: 0.041161, Val Loss: 0.051302[0m
2025-12-29 18:21:28,237 | INFO     | Epoch 155/250 - Train Loss: 0.040928, Val Loss: 0.051088[0m
2025-12-29 18:24:41,581 | INFO     | Epoch 156/250 - Train Loss: 0.040878, Val Loss: 0.050826[0m
2025-12-29 18:27:54,909 | INFO     | Epoch 157/250 - Train Loss: 0.041244, Val Loss: 0.050583[0m
2025-12-29 18:31:08,263 | INFO     | Epoch 158/250 - Train Loss: 0.040970, Val Loss: 0.051303[0m
2025-12-29 18:34:21,575 | INFO     | Epoch 159/250 - Train Loss: 0.040348, Val Loss: 0.051063[0m
2025-12-29 18:37:34,886 | INFO     | Epoch 160/250 - Train Loss: 0.040435, Val Loss: 0.050368[0m
2025-12-29 18:40:48,288 | INFO     | Epoch 161/250 - Train Loss: 0.040750, Val Loss: 0.050688[0m
2025-12-29 18:44:01,591 | INFO     | Epoch 162/250 - Train Loss: 0.041171, Val Loss: 0.051837[0m
2025-12-29 18:47:14,917 | INFO     | Epoch 163/250 - Train Loss: 0.040876, Val Loss: 0.050664[0m
2025-12-29 18:50:28,260 | INFO     | Epoch 164/250 - Train Loss: 0.040899, Val Loss: 0.051090[0m
2025-12-29 18:53:41,545 | INFO     | Epoch 165/250 - Train Loss: 0.039807, Val Loss: 0.050236[0m
2025-12-29 18:56:54,840 | INFO     | Epoch 166/250 - Train Loss: 0.039987, Val Loss: 0.050692[0m
2025-12-29 19:00:08,201 | INFO     | Epoch 167/250 - Train Loss: 0.039732, Val Loss: 0.051621[0m
2025-12-29 19:03:21,487 | INFO     | Epoch 168/250 - Train Loss: 0.040894, Val Loss: 0.050568[0m
2025-12-29 19:06:34,790 | INFO     | Epoch 169/250 - Train Loss: 0.039661, Val Loss: 0.050745[0m
2025-12-29 19:09:48,115 | INFO     | Epoch 170/250 - Train Loss: 0.039481, Val Loss: 0.050802[0m
2025-12-29 19:13:01,525 | INFO     | Epoch 171/250 - Train Loss: 0.039563, Val Loss: 0.050901[0m
2025-12-29 19:16:14,810 | INFO     | Epoch 172/250 - Train Loss: 0.039722, Val Loss: 0.050599[0m
2025-12-29 19:19:28,151 | INFO     | Epoch 173/250 - Train Loss: 0.039850, Val Loss: 0.050738[0m
2025-12-29 19:22:41,494 | INFO     | Epoch 174/250 - Train Loss: 0.039546, Val Loss: 0.050101[0m
2025-12-29 19:25:54,828 | INFO     | Epoch 175/250 - Train Loss: 0.039357, Val Loss: 0.052034[0m
2025-12-29 19:29:08,118 | INFO     | Epoch 176/250 - Train Loss: 0.041132, Val Loss: 0.050602[0m
2025-12-29 19:32:21,460 | INFO     | Epoch 177/250 - Train Loss: 0.039047, Val Loss: 0.050898[0m
2025-12-29 19:35:34,770 | INFO     | Epoch 178/250 - Train Loss: 0.040644, Val Loss: 0.051050[0m
2025-12-29 19:38:48,077 | INFO     | Epoch 179/250 - Train Loss: 0.039019, Val Loss: 0.051926[0m
2025-12-29 19:42:01,426 | INFO     | Epoch 180/250 - Train Loss: 0.039291, Val Loss: 0.051166[0m
2025-12-29 19:45:14,867 | INFO     | Epoch 181/250 - Train Loss: 0.038525, Val Loss: 0.050325[0m
2025-12-29 19:48:28,237 | INFO     | Epoch 182/250 - Train Loss: 0.039156, Val Loss: 0.050519[0m
2025-12-29 19:51:41,568 | INFO     | Epoch 183/250 - Train Loss: 0.038591, Val Loss: 0.050632[0m
2025-12-29 19:54:54,888 | INFO     | Epoch 184/250 - Train Loss: 0.039472, Val Loss: 0.050758[0m
2025-12-29 19:58:08,254 | INFO     | Epoch 185/250 - Train Loss: 0.038460, Val Loss: 0.051029[0m
2025-12-29 20:01:21,563 | INFO     | Epoch 186/250 - Train Loss: 0.038403, Val Loss: 0.051138[0m
2025-12-29 20:04:34,885 | INFO     | Epoch 187/250 - Train Loss: 0.038148, Val Loss: 0.052276[0m
2025-12-29 20:07:48,218 | INFO     | Epoch 188/250 - Train Loss: 0.038495, Val Loss: 0.051038[0m
2025-12-29 20:11:01,540 | INFO     | Epoch 189/250 - Train Loss: 0.038074, Val Loss: 0.050935[0m
2025-12-29 20:14:14,906 | INFO     | Epoch 190/250 - Train Loss: 0.038911, Val Loss: 0.050857[0m
2025-12-29 20:17:28,389 | INFO     | Epoch 191/250 - Train Loss: 0.039083, Val Loss: 0.052507[0m
2025-12-29 20:20:41,754 | INFO     | Epoch 192/250 - Train Loss: 0.038598, Val Loss: 0.050270[0m
2025-12-29 20:23:55,074 | INFO     | Epoch 193/250 - Train Loss: 0.037956, Val Loss: 0.050956[0m
2025-12-29 20:27:08,434 | INFO     | Epoch 194/250 - Train Loss: 0.037810, Val Loss: 0.050211[0m
2025-12-29 20:30:21,763 | INFO     | Epoch 195/250 - Train Loss: 0.037695, Val Loss: 0.050511[0m
2025-12-29 20:33:35,085 | INFO     | Epoch 196/250 - Train Loss: 0.037696, Val Loss: 0.051413[0m
2025-12-29 20:36:48,441 | INFO     | Epoch 197/250 - Train Loss: 0.038750, Val Loss: 0.054132[0m
2025-12-29 20:40:01,828 | INFO     | Epoch 198/250 - Train Loss: 0.038471, Val Loss: 0.050733[0m
2025-12-29 20:43:15,160 | INFO     | Epoch 199/250 - Train Loss: 0.037925, Val Loss: 0.051098[0m
2025-12-29 20:46:28,517 | INFO     | Epoch 200/250 - Train Loss: 0.037684, Val Loss: 0.050398[0m
2025-12-29 20:49:41,977 | INFO     | Epoch 201/250 - Train Loss: 0.036276, Val Loss: 0.049264[0m
2025-12-29 20:49:42,026 | INFO     | New best model saved with Val Loss: 0.049264
2025-12-29 20:52:55,388 | INFO     | Epoch 202/250 - Train Loss: 0.035616, Val Loss: 0.049600[0m
2025-12-29 20:56:08,700 | INFO     | Epoch 203/250 - Train Loss: 0.036102, Val Loss: 0.050029[0m
2025-12-29 20:59:22,051 | INFO     | Epoch 204/250 - Train Loss: 0.035556, Val Loss: 0.049466[0m
2025-12-29 21:02:35,433 | INFO     | Epoch 205/250 - Train Loss: 0.035481, Val Loss: 0.049945[0m
2025-12-29 21:05:48,805 | INFO     | Epoch 206/250 - Train Loss: 0.035470, Val Loss: 0.049834[0m
2025-12-29 21:09:02,185 | INFO     | Epoch 207/250 - Train Loss: 0.035305, Val Loss: 0.049823[0m
2025-12-29 21:12:15,513 | INFO     | Epoch 208/250 - Train Loss: 0.035508, Val Loss: 0.049615[0m
2025-12-29 21:15:28,864 | INFO     | Epoch 209/250 - Train Loss: 0.035598, Val Loss: 0.050201[0m
2025-12-29 21:18:42,221 | INFO     | Epoch 210/250 - Train Loss: 0.035246, Val Loss: 0.050003[0m
2025-12-29 21:21:55,638 | INFO     | Epoch 211/250 - Train Loss: 0.035454, Val Loss: 0.049716[0m
2025-12-29 21:25:09,045 | INFO     | Epoch 212/250 - Train Loss: 0.035266, Val Loss: 0.050009[0m
2025-12-29 21:28:22,400 | INFO     | Epoch 213/250 - Train Loss: 0.035048, Val Loss: 0.049909[0m
2025-12-29 21:31:35,727 | INFO     | Epoch 214/250 - Train Loss: 0.035063, Val Loss: 0.050066[0m
2025-12-29 21:34:49,073 | INFO     | Epoch 215/250 - Train Loss: 0.035090, Val Loss: 0.049973[0m
2025-12-29 21:38:02,401 | INFO     | Epoch 216/250 - Train Loss: 0.034932, Val Loss: 0.050029[0m
2025-12-29 21:41:15,749 | INFO     | Epoch 217/250 - Train Loss: 0.034996, Val Loss: 0.049856[0m
2025-12-29 21:44:29,082 | INFO     | Epoch 218/250 - Train Loss: 0.034903, Val Loss: 0.050040[0m
2025-12-29 21:47:42,407 | INFO     | Epoch 219/250 - Train Loss: 0.035050, Val Loss: 0.049927[0m
2025-12-29 21:50:55,732 | INFO     | Epoch 220/250 - Train Loss: 0.035284, Val Loss: 0.049309[0m
2025-12-29 21:54:09,146 | INFO     | Epoch 221/250 - Train Loss: 0.034799, Val Loss: 0.049744[0m
2025-12-29 21:57:22,498 | INFO     | Epoch 222/250 - Train Loss: 0.034714, Val Loss: 0.050545[0m
2025-12-29 22:00:35,839 | INFO     | Epoch 223/250 - Train Loss: 0.034689, Val Loss: 0.049743[0m
2025-12-29 22:03:49,197 | INFO     | Epoch 224/250 - Train Loss: 0.034737, Val Loss: 0.050987[0m
2025-12-29 22:07:02,573 | INFO     | Epoch 225/250 - Train Loss: 0.034718, Val Loss: 0.049677[0m
2025-12-29 22:10:15,954 | INFO     | Epoch 226/250 - Train Loss: 0.034484, Val Loss: 0.050063[0m
2025-12-29 22:13:29,267 | INFO     | Epoch 227/250 - Train Loss: 0.035321, Val Loss: 0.050377[0m
2025-12-29 22:16:42,619 | INFO     | Epoch 228/250 - Train Loss: 0.034722, Val Loss: 0.050016[0m
2025-12-29 22:19:55,943 | INFO     | Epoch 229/250 - Train Loss: 0.034298, Val Loss: 0.049642[0m
2025-12-29 22:23:09,279 | INFO     | Epoch 230/250 - Train Loss: 0.034798, Val Loss: 0.050012[0m
2025-12-29 22:26:22,751 | INFO     | Epoch 231/250 - Train Loss: 0.034358, Val Loss: 0.049505[0m
2025-12-29 22:29:36,141 | INFO     | Epoch 232/250 - Train Loss: 0.034171, Val Loss: 0.050574[0m
2025-12-29 22:32:49,526 | INFO     | Epoch 233/250 - Train Loss: 0.034728, Val Loss: 0.049732[0m
2025-12-29 22:36:02,863 | INFO     | Epoch 234/250 - Train Loss: 0.034574, Val Loss: 0.056151[0m
2025-12-29 22:39:16,220 | INFO     | Epoch 235/250 - Train Loss: 0.034630, Val Loss: 0.049588[0m
2025-12-29 22:42:29,554 | INFO     | Epoch 236/250 - Train Loss: 0.033994, Val Loss: 0.049823[0m
2025-12-29 22:45:42,881 | INFO     | Epoch 237/250 - Train Loss: 0.034108, Val Loss: 0.049938[0m
2025-12-29 22:48:56,206 | INFO     | Epoch 238/250 - Train Loss: 0.034191, Val Loss: 0.049502[0m
2025-12-29 22:52:09,558 | INFO     | Epoch 239/250 - Train Loss: 0.034207, Val Loss: 0.050259[0m
2025-12-29 22:55:22,901 | INFO     | Epoch 240/250 - Train Loss: 0.034308, Val Loss: 0.050128[0m
2025-12-29 22:58:36,349 | INFO     | Epoch 241/250 - Train Loss: 0.035248, Val Loss: 0.050060[0m
2025-12-29 23:01:49,685 | INFO     | Epoch 242/250 - Train Loss: 0.034601, Val Loss: 0.050230[0m
2025-12-29 23:05:03,036 | INFO     | Epoch 243/250 - Train Loss: 0.033756, Val Loss: 0.049992[0m
2025-12-29 23:08:16,377 | INFO     | Epoch 244/250 - Train Loss: 0.034248, Val Loss: 0.049837[0m
2025-12-29 23:11:29,738 | INFO     | Epoch 245/250 - Train Loss: 0.034131, Val Loss: 0.050103[0m
2025-12-29 23:14:43,056 | INFO     | Epoch 246/250 - Train Loss: 0.033815, Val Loss: 0.050153[0m
2025-12-29 23:17:56,414 | INFO     | Epoch 247/250 - Train Loss: 0.034117, Val Loss: 0.050105[0m
2025-12-29 23:21:09,741 | INFO     | Epoch 248/250 - Train Loss: 0.033796, Val Loss: 0.049595[0m
2025-12-29 23:24:23,077 | INFO     | Epoch 249/250 - Train Loss: 0.033759, Val Loss: 0.053298[0m
2025-12-29 23:27:36,426 | INFO     | Epoch 250/250 - Train Loss: 0.033825, Val Loss: 0.050908[0m
2025-12-29 23:27:36,575 | INFO     | Final model saved to experiments_DrivAerNet++/WW_spressure_N10k_lr1e-3_e250/final_model.pth
2025-12-29 23:27:36,575 | INFO     | Testing the final model
2025-12-29 23:27:46,781 | INFO     | *******************[35mL2_erro:[0m
2025-12-29 23:27:46,781 | INFO     |  0.172850
2025-12-29 23:27:46,781 | INFO     | *******************[35mmse_loss:[0m
2025-12-29 23:27:46,781 | INFO     |  0.054422
2025-12-29 23:27:46,781 | INFO     | *******************[35minference_time:[0m
2025-12-29 23:27:46,782 | INFO     |  0.000000
2025-12-29 23:27:46,782 | INFO     | Testing the best model
2025-12-29 23:27:56,985 | INFO     | *******************[35mL2_erro:[0m
2025-12-29 23:27:56,986 | INFO     |  0.170314
2025-12-29 23:27:56,986 | INFO     | *******************[35mmse_loss:[0m
2025-12-29 23:27:56,986 | INFO     |  0.052527
2025-12-29 23:27:56,986 | INFO     | *******************[35minference_time:[0m
2025-12-29 23:27:56,986 | INFO     |  0.000000
2025-12-30 14:57:37,032 | INFO     | Config:
exp_name: WW_spressure_N10k_lr1e-3_e250
model:
  input_dim: 3
  output_dim: 1
  head_num: 8
  hidden_dim: 256
  res: true
  slice_num: 32
  layer_num: 5
  mlp_ratio: 1.5
  dropout: 0.1
training:
  input: x_pres
  input_sph: x_pres_sph
  target: y_pres
  x_mean:
  - 1.5160021
  - -5.4310558e-06
  - 0.58746094
  x_std:
  - 1.415669
  - 0.65769494
  - 0.38634354
  y_mean: -95.576584
  y_std: 123.44368
  batch_size: 1
  epochs: 250
  lr: 0.001
  scheduler_step: 50
  scheduler_gamma: 0.5
  max_grad_norm: 0.1
  num_workers: 1
  weight_decay: 0.0
  test_only: 0
  gpus: '0'
  seed: 42
dataload:
  directory: /mnt/wjc_group/mae-zhangbj/DrivAerNet++_dataset/E_S_WW_WM

2025-12-30 14:57:37,033 | INFO     | args.exp_name : WW_spressure_N10k_lr1e-3_e250
2025-12-30 14:57:37,033 | INFO     | Starting training with 1 GPUs
2025-12-30 14:57:38,475 | INFO     | Total trainable parameters: 3381321
2025-12-30 14:57:38,476 | INFO     | Data loaded: 464 training batches, 118 validation batches, 110 test batches
2025-12-30 14:57:38,477 | INFO     | Staring training for 250 epochs
2025-12-30 15:00:27,985 | INFO     | Config:
exp_name: WW_spressure_N10k_lr1e-3_e250
model:
  input_dim: 3
  output_dim: 1
  head_num: 8
  hidden_dim: 256
  res: true
  slice_num: 32
  layer_num: 5
  mlp_ratio: 1.5
  dropout: 0.1
training:
  input: x_pres
  input_sph: x_pres_sph
  target: y_pres
  x_mean:
  - 1.5160021
  - -5.4310558e-06
  - 0.58746094
  x_std:
  - 1.415669
  - 0.65769494
  - 0.38634354
  y_mean: -95.576584
  y_std: 123.44368
  batch_size: 1
  epochs: 250
  lr: 0.001
  scheduler_step: 50
  scheduler_gamma: 0.5
  max_grad_norm: 0.1
  num_workers: 1
  weight_decay: 0.0
  test_only: 0
  gpus: '0'
  seed: 42
dataload:
  directory: /mnt/wjc_group/mae-zhangbj/DrivAerNet++_dataset/E_S_WW_WM

2025-12-30 15:00:27,985 | INFO     | args.exp_name : WW_spressure_N10k_lr1e-3_e250
2025-12-30 15:00:27,985 | INFO     | Starting training with 1 GPUs
2025-12-30 15:00:29,582 | INFO     | Total trainable parameters: 3381321
2025-12-30 15:00:29,582 | INFO     | Data loaded: 464 training batches, 118 validation batches, 110 test batches
2025-12-30 15:00:29,583 | INFO     | Staring training for 250 epochs
2025-12-30 15:04:58,914 | INFO     | Config:
exp_name: WW_spressure_N10k_lr1e-3_e250
model:
  input_dim: 3
  output_dim: 1
  head_num: 8
  hidden_dim: 256
  res: true
  slice_num: 32
  layer_num: 5
  mlp_ratio: 1.5
  dropout: 0.1
training:
  input: x_pres
  input_sph: x_pres_sph
  target: y_pres
  x_mean:
  - 1.5160021
  - -5.4310558e-06
  - 0.58746094
  x_std:
  - 1.415669
  - 0.65769494
  - 0.38634354
  y_mean: -95.576584
  y_std: 123.44368
  batch_size: 1
  epochs: 250
  lr: 0.001
  scheduler_step: 50
  scheduler_gamma: 0.5
  max_grad_norm: 0.1
  num_workers: 1
  weight_decay: 0.0
  test_only: 0
  gpus: '0'
  seed: 42
dataload:
  directory: /mnt/wjc_group/mae-zhangbj/DrivAerNet++_dataset/E_S_WW_WM

2025-12-30 15:04:58,914 | INFO     | args.exp_name : WW_spressure_N10k_lr1e-3_e250
2025-12-30 15:04:58,915 | INFO     | Starting training with 1 GPUs
2025-12-30 15:05:00,452 | INFO     | Total trainable parameters: 3381321
2025-12-30 15:05:00,452 | INFO     | Data loaded: 464 training batches, 118 validation batches, 110 test batches
2025-12-30 15:05:00,453 | INFO     | Staring training for 250 epochs
2025-12-30 15:08:13,744 | INFO     | Epoch 1/250 - Train Loss: 0.952978, Val Loss: 0.756555[0m
2025-12-30 15:08:13,798 | INFO     | New best model saved with Val Loss: 0.756555
2025-12-30 15:11:26,812 | INFO     | Epoch 2/250 - Train Loss: 0.588001, Val Loss: 0.494476[0m
2025-12-30 15:11:26,871 | INFO     | New best model saved with Val Loss: 0.494476
2025-12-30 15:14:40,229 | INFO     | Epoch 3/250 - Train Loss: 0.459993, Val Loss: 0.423872[0m
2025-12-30 15:14:40,282 | INFO     | New best model saved with Val Loss: 0.423872
2025-12-30 15:17:53,647 | INFO     | Epoch 4/250 - Train Loss: 0.422937, Val Loss: 0.422031[0m
2025-12-30 15:17:53,695 | INFO     | New best model saved with Val Loss: 0.422031
2025-12-30 15:21:07,083 | INFO     | Epoch 5/250 - Train Loss: 0.399578, Val Loss: 0.375092[0m
2025-12-30 15:21:07,130 | INFO     | New best model saved with Val Loss: 0.375092
2025-12-30 15:24:20,526 | INFO     | Epoch 6/250 - Train Loss: 0.367923, Val Loss: 0.378390[0m
2025-12-30 15:27:33,892 | INFO     | Epoch 7/250 - Train Loss: 0.337219, Val Loss: 0.324650[0m
2025-12-30 15:27:33,943 | INFO     | New best model saved with Val Loss: 0.324650
2025-12-30 15:30:47,321 | INFO     | Epoch 8/250 - Train Loss: 0.302573, Val Loss: 0.270399[0m
2025-12-30 15:30:47,377 | INFO     | New best model saved with Val Loss: 0.270399
2025-12-30 15:34:00,758 | INFO     | Epoch 9/250 - Train Loss: 0.272865, Val Loss: 0.249575[0m
2025-12-30 15:34:00,814 | INFO     | New best model saved with Val Loss: 0.249575
2025-12-30 15:37:14,194 | INFO     | Epoch 10/250 - Train Loss: 0.255534, Val Loss: 0.239600[0m
2025-12-30 15:37:14,248 | INFO     | New best model saved with Val Loss: 0.239600
2025-12-30 15:40:27,720 | INFO     | Epoch 11/250 - Train Loss: 0.229908, Val Loss: 0.207360[0m
2025-12-30 15:40:27,774 | INFO     | New best model saved with Val Loss: 0.207360
2025-12-30 15:43:41,162 | INFO     | Epoch 12/250 - Train Loss: 0.216013, Val Loss: 0.211841[0m
2025-12-30 15:46:54,554 | INFO     | Epoch 13/250 - Train Loss: 0.209941, Val Loss: 0.207087[0m
2025-12-30 15:46:54,602 | INFO     | New best model saved with Val Loss: 0.207087
2025-12-30 15:50:08,028 | INFO     | Epoch 14/250 - Train Loss: 0.198491, Val Loss: 0.185905[0m
2025-12-30 15:50:08,081 | INFO     | New best model saved with Val Loss: 0.185905
2025-12-30 15:53:21,488 | INFO     | Epoch 15/250 - Train Loss: 0.189116, Val Loss: 0.184855[0m
2025-12-30 15:53:21,537 | INFO     | New best model saved with Val Loss: 0.184855
2025-12-30 15:56:34,947 | INFO     | Epoch 16/250 - Train Loss: 0.183436, Val Loss: 0.188904[0m
2025-12-30 15:59:48,384 | INFO     | Epoch 17/250 - Train Loss: 0.175569, Val Loss: 0.172306[0m
2025-12-30 15:59:48,439 | INFO     | New best model saved with Val Loss: 0.172306
2025-12-30 16:03:01,838 | INFO     | Epoch 18/250 - Train Loss: 0.171224, Val Loss: 0.172408[0m
2025-12-30 16:06:15,267 | INFO     | Epoch 19/250 - Train Loss: 0.166724, Val Loss: 0.157483[0m
2025-12-30 16:06:15,322 | INFO     | New best model saved with Val Loss: 0.157483
2025-12-30 16:09:28,730 | INFO     | Epoch 20/250 - Train Loss: 0.161992, Val Loss: 0.148691[0m
2025-12-30 16:09:28,785 | INFO     | New best model saved with Val Loss: 0.148691
2025-12-30 16:12:42,307 | INFO     | Epoch 21/250 - Train Loss: 0.151553, Val Loss: 0.144941[0m
2025-12-30 16:12:42,355 | INFO     | New best model saved with Val Loss: 0.144941
2025-12-30 16:15:55,766 | INFO     | Epoch 22/250 - Train Loss: 0.151136, Val Loss: 0.146331[0m
2025-12-30 16:19:09,231 | INFO     | Epoch 23/250 - Train Loss: 0.145007, Val Loss: 0.143113[0m
2025-12-30 16:19:09,283 | INFO     | New best model saved with Val Loss: 0.143113
2025-12-30 16:22:22,698 | INFO     | Epoch 24/250 - Train Loss: 0.148517, Val Loss: 0.132396[0m
2025-12-30 16:22:22,749 | INFO     | New best model saved with Val Loss: 0.132396
2025-12-30 16:25:36,119 | INFO     | Epoch 25/250 - Train Loss: 0.135328, Val Loss: 0.122100[0m
2025-12-30 16:25:36,173 | INFO     | New best model saved with Val Loss: 0.122100
2025-12-30 16:28:49,560 | INFO     | Epoch 26/250 - Train Loss: 0.134839, Val Loss: 0.124574[0m
2025-12-30 16:32:02,970 | INFO     | Epoch 27/250 - Train Loss: 0.128053, Val Loss: 0.135347[0m
2025-12-30 16:35:16,375 | INFO     | Epoch 28/250 - Train Loss: 0.124365, Val Loss: 0.127708[0m
2025-12-30 16:38:29,799 | INFO     | Epoch 29/250 - Train Loss: 0.125662, Val Loss: 0.125883[0m
2025-12-30 16:41:43,229 | INFO     | Epoch 30/250 - Train Loss: 0.121192, Val Loss: 0.127114[0m
2025-12-30 16:44:56,745 | INFO     | Epoch 31/250 - Train Loss: 0.119704, Val Loss: 0.120701[0m
2025-12-30 16:44:56,789 | INFO     | New best model saved with Val Loss: 0.120701
2025-12-30 16:48:10,226 | INFO     | Epoch 32/250 - Train Loss: 0.115156, Val Loss: 0.116743[0m
2025-12-30 16:48:10,277 | INFO     | New best model saved with Val Loss: 0.116743
2025-12-30 16:51:23,684 | INFO     | Epoch 33/250 - Train Loss: 0.111748, Val Loss: 0.111966[0m
2025-12-30 16:51:23,737 | INFO     | New best model saved with Val Loss: 0.111966
2025-12-30 16:54:37,171 | INFO     | Epoch 34/250 - Train Loss: 0.112386, Val Loss: 0.114258[0m
2025-12-30 16:57:50,558 | INFO     | Epoch 35/250 - Train Loss: 0.106823, Val Loss: 0.100795[0m
2025-12-30 16:57:50,611 | INFO     | New best model saved with Val Loss: 0.100795
2025-12-30 17:01:03,993 | INFO     | Epoch 36/250 - Train Loss: 0.106666, Val Loss: 0.106009[0m
2025-12-30 17:04:17,407 | INFO     | Epoch 37/250 - Train Loss: 0.105339, Val Loss: 0.101029[0m
2025-12-30 17:07:30,806 | INFO     | Epoch 38/250 - Train Loss: 0.100118, Val Loss: 0.091806[0m
2025-12-30 17:07:30,858 | INFO     | New best model saved with Val Loss: 0.091806
2025-12-30 17:10:44,291 | INFO     | Epoch 39/250 - Train Loss: 0.101107, Val Loss: 0.101250[0m
2025-12-30 17:13:57,731 | INFO     | Epoch 40/250 - Train Loss: 0.097938, Val Loss: 0.090281[0m
2025-12-30 17:13:57,783 | INFO     | New best model saved with Val Loss: 0.090281
2025-12-30 17:17:11,318 | INFO     | Epoch 41/250 - Train Loss: 0.095366, Val Loss: 0.098004[0m
2025-12-30 17:20:24,804 | INFO     | Epoch 42/250 - Train Loss: 0.094660, Val Loss: 0.089772[0m
2025-12-30 17:20:24,861 | INFO     | New best model saved with Val Loss: 0.089772
2025-12-30 17:23:38,354 | INFO     | Epoch 43/250 - Train Loss: 0.093862, Val Loss: 0.092404[0m
2025-12-30 17:26:51,850 | INFO     | Epoch 44/250 - Train Loss: 0.092308, Val Loss: 0.089384[0m
2025-12-30 17:26:51,905 | INFO     | New best model saved with Val Loss: 0.089384
2025-12-30 17:30:05,376 | INFO     | Epoch 45/250 - Train Loss: 0.091523, Val Loss: 0.085072[0m
2025-12-30 17:30:05,432 | INFO     | New best model saved with Val Loss: 0.085072
2025-12-30 17:33:18,884 | INFO     | Epoch 46/250 - Train Loss: 0.089713, Val Loss: 0.086693[0m
2025-12-30 17:36:32,322 | INFO     | Epoch 47/250 - Train Loss: 0.088451, Val Loss: 0.083214[0m
2025-12-30 17:36:32,371 | INFO     | New best model saved with Val Loss: 0.083214
2025-12-30 17:39:45,856 | INFO     | Epoch 48/250 - Train Loss: 0.088717, Val Loss: 0.087933[0m
2025-12-30 17:42:59,346 | INFO     | Epoch 49/250 - Train Loss: 0.085851, Val Loss: 0.095309[0m
2025-12-30 17:46:12,843 | INFO     | Epoch 50/250 - Train Loss: 0.084681, Val Loss: 0.078170[0m
2025-12-30 17:46:12,897 | INFO     | New best model saved with Val Loss: 0.078170
2025-12-30 17:49:26,525 | INFO     | Epoch 51/250 - Train Loss: 0.070954, Val Loss: 0.069474[0m
2025-12-30 17:49:26,576 | INFO     | New best model saved with Val Loss: 0.069474
2025-12-30 17:52:40,076 | INFO     | Epoch 52/250 - Train Loss: 0.069815, Val Loss: 0.069799[0m
2025-12-30 17:55:53,593 | INFO     | Epoch 53/250 - Train Loss: 0.069593, Val Loss: 0.069594[0m
2025-12-30 17:59:07,092 | INFO     | Epoch 54/250 - Train Loss: 0.070384, Val Loss: 0.072078[0m
2025-12-30 18:02:20,587 | INFO     | Epoch 55/250 - Train Loss: 0.069203, Val Loss: 0.068358[0m
2025-12-30 18:02:20,639 | INFO     | New best model saved with Val Loss: 0.068358
2025-12-30 18:05:34,133 | INFO     | Epoch 56/250 - Train Loss: 0.066718, Val Loss: 0.066788[0m
2025-12-30 18:05:34,186 | INFO     | New best model saved with Val Loss: 0.066788
2025-12-30 18:08:47,585 | INFO     | Epoch 57/250 - Train Loss: 0.067140, Val Loss: 0.067037[0m
2025-12-30 18:12:00,962 | INFO     | Epoch 58/250 - Train Loss: 0.066582, Val Loss: 0.068333[0m
2025-12-30 18:15:14,329 | INFO     | Epoch 59/250 - Train Loss: 0.066212, Val Loss: 0.066641[0m
2025-12-30 18:15:14,375 | INFO     | New best model saved with Val Loss: 0.066641
2025-12-30 18:18:27,743 | INFO     | Epoch 60/250 - Train Loss: 0.065549, Val Loss: 0.069294[0m
2025-12-30 18:21:41,206 | INFO     | Epoch 61/250 - Train Loss: 0.065366, Val Loss: 0.063109[0m
2025-12-30 18:21:41,250 | INFO     | New best model saved with Val Loss: 0.063109
2025-12-30 18:24:54,612 | INFO     | Epoch 62/250 - Train Loss: 0.063816, Val Loss: 0.066895[0m
2025-12-30 18:28:07,930 | INFO     | Epoch 63/250 - Train Loss: 0.064737, Val Loss: 0.064563[0m
2025-12-30 18:31:21,235 | INFO     | Epoch 64/250 - Train Loss: 0.063985, Val Loss: 0.064708[0m
2025-12-30 18:34:34,566 | INFO     | Epoch 65/250 - Train Loss: 0.062868, Val Loss: 0.064791[0m
2025-12-30 18:37:47,869 | INFO     | Epoch 66/250 - Train Loss: 0.063033, Val Loss: 0.063071[0m
2025-12-30 18:37:47,922 | INFO     | New best model saved with Val Loss: 0.063071
2025-12-30 18:41:01,269 | INFO     | Epoch 67/250 - Train Loss: 0.062828, Val Loss: 0.061121[0m
2025-12-30 18:41:01,328 | INFO     | New best model saved with Val Loss: 0.061121
2025-12-30 18:44:14,664 | INFO     | Epoch 68/250 - Train Loss: 0.061258, Val Loss: 0.064852[0m
2025-12-30 18:47:27,959 | INFO     | Epoch 69/250 - Train Loss: 0.061478, Val Loss: 0.063192[0m
2025-12-30 18:50:41,246 | INFO     | Epoch 70/250 - Train Loss: 0.060906, Val Loss: 0.061155[0m
2025-12-30 18:53:54,657 | INFO     | Epoch 71/250 - Train Loss: 0.061121, Val Loss: 0.059434[0m
2025-12-30 18:53:54,712 | INFO     | New best model saved with Val Loss: 0.059434
2025-12-30 18:57:08,021 | INFO     | Epoch 72/250 - Train Loss: 0.060391, Val Loss: 0.061103[0m
2025-12-30 19:00:21,328 | INFO     | Epoch 73/250 - Train Loss: 0.060381, Val Loss: 0.063066[0m
2025-12-30 19:03:34,658 | INFO     | Epoch 74/250 - Train Loss: 0.060061, Val Loss: 0.062749[0m
2025-12-30 19:06:47,993 | INFO     | Epoch 75/250 - Train Loss: 0.059793, Val Loss: 0.061227[0m
2025-12-30 19:10:01,274 | INFO     | Epoch 76/250 - Train Loss: 0.058984, Val Loss: 0.057080[0m
2025-12-30 19:10:01,325 | INFO     | New best model saved with Val Loss: 0.057080
2025-12-30 19:13:14,641 | INFO     | Epoch 77/250 - Train Loss: 0.058611, Val Loss: 0.061787[0m
2025-12-30 19:16:27,975 | INFO     | Epoch 78/250 - Train Loss: 0.059762, Val Loss: 0.065143[0m
2025-12-30 19:19:41,294 | INFO     | Epoch 79/250 - Train Loss: 0.058416, Val Loss: 0.059835[0m
2025-12-30 19:22:54,599 | INFO     | Epoch 80/250 - Train Loss: 0.058416, Val Loss: 0.058797[0m
2025-12-30 19:26:08,057 | INFO     | Epoch 81/250 - Train Loss: 0.058673, Val Loss: 0.064418[0m
2025-12-30 19:29:21,352 | INFO     | Epoch 82/250 - Train Loss: 0.058518, Val Loss: 0.057898[0m
2025-12-30 19:32:34,690 | INFO     | Epoch 83/250 - Train Loss: 0.056454, Val Loss: 0.059338[0m
2025-12-30 19:35:47,973 | INFO     | Epoch 84/250 - Train Loss: 0.057307, Val Loss: 0.063789[0m
2025-12-30 19:39:01,305 | INFO     | Epoch 85/250 - Train Loss: 0.057211, Val Loss: 0.057557[0m
2025-12-30 19:42:14,647 | INFO     | Epoch 86/250 - Train Loss: 0.056570, Val Loss: 0.056820[0m
2025-12-30 19:42:14,698 | INFO     | New best model saved with Val Loss: 0.056820
2025-12-30 19:45:28,045 | INFO     | Epoch 87/250 - Train Loss: 0.056124, Val Loss: 0.060236[0m
2025-12-30 19:48:41,380 | INFO     | Epoch 88/250 - Train Loss: 0.056403, Val Loss: 0.057607[0m
2025-12-30 19:51:54,705 | INFO     | Epoch 89/250 - Train Loss: 0.056339, Val Loss: 0.055309[0m
2025-12-30 19:51:54,756 | INFO     | New best model saved with Val Loss: 0.055309
2025-12-30 19:55:08,091 | INFO     | Epoch 90/250 - Train Loss: 0.055617, Val Loss: 0.057803[0m
2025-12-30 19:58:21,484 | INFO     | Epoch 91/250 - Train Loss: 0.055464, Val Loss: 0.057499[0m
2025-12-30 20:01:34,825 | INFO     | Epoch 92/250 - Train Loss: 0.055153, Val Loss: 0.060142[0m
2025-12-30 20:04:48,144 | INFO     | Epoch 93/250 - Train Loss: 0.054909, Val Loss: 0.056354[0m
2025-12-30 20:08:01,469 | INFO     | Epoch 94/250 - Train Loss: 0.054918, Val Loss: 0.056509[0m
2025-12-30 20:11:14,782 | INFO     | Epoch 95/250 - Train Loss: 0.055217, Val Loss: 0.056784[0m
2025-12-30 20:14:28,098 | INFO     | Epoch 96/250 - Train Loss: 0.054918, Val Loss: 0.056411[0m
2025-12-30 20:17:41,410 | INFO     | Epoch 97/250 - Train Loss: 0.054488, Val Loss: 0.056006[0m
2025-12-30 20:20:54,755 | INFO     | Epoch 98/250 - Train Loss: 0.053175, Val Loss: 0.054484[0m
2025-12-30 20:20:54,812 | INFO     | New best model saved with Val Loss: 0.054484
2025-12-30 20:24:08,158 | INFO     | Epoch 99/250 - Train Loss: 0.053828, Val Loss: 0.057051[0m
2025-12-30 20:27:21,478 | INFO     | Epoch 100/250 - Train Loss: 0.053899, Val Loss: 0.056361[0m
2025-12-30 20:30:34,937 | INFO     | Epoch 101/250 - Train Loss: 0.047823, Val Loss: 0.051188[0m
2025-12-30 20:30:34,991 | INFO     | New best model saved with Val Loss: 0.051188
2025-12-30 20:33:48,368 | INFO     | Epoch 102/250 - Train Loss: 0.047100, Val Loss: 0.050101[0m
2025-12-30 20:33:48,418 | INFO     | New best model saved with Val Loss: 0.050101
2025-12-30 20:37:01,774 | INFO     | Epoch 103/250 - Train Loss: 0.047166, Val Loss: 0.050619[0m
2025-12-30 20:40:15,140 | INFO     | Epoch 104/250 - Train Loss: 0.047273, Val Loss: 0.051244[0m
2025-12-30 20:43:28,490 | INFO     | Epoch 105/250 - Train Loss: 0.046934, Val Loss: 0.051725[0m
2025-12-30 20:46:41,828 | INFO     | Epoch 106/250 - Train Loss: 0.046814, Val Loss: 0.051636[0m
2025-12-30 20:49:55,162 | INFO     | Epoch 107/250 - Train Loss: 0.046540, Val Loss: 0.050244[0m
2025-12-30 20:53:08,485 | INFO     | Epoch 108/250 - Train Loss: 0.046607, Val Loss: 0.050346[0m
2025-12-30 20:56:21,817 | INFO     | Epoch 109/250 - Train Loss: 0.046156, Val Loss: 0.052643[0m
2025-12-30 20:59:35,135 | INFO     | Epoch 110/250 - Train Loss: 0.046377, Val Loss: 0.051121[0m
2025-12-30 21:02:48,575 | INFO     | Epoch 111/250 - Train Loss: 0.046132, Val Loss: 0.050265[0m
2025-12-30 21:06:01,913 | INFO     | Epoch 112/250 - Train Loss: 0.045710, Val Loss: 0.051769[0m
2025-12-30 21:09:15,237 | INFO     | Epoch 113/250 - Train Loss: 0.045580, Val Loss: 0.050887[0m
2025-12-30 21:12:28,534 | INFO     | Epoch 114/250 - Train Loss: 0.046467, Val Loss: 0.050826[0m
2025-12-30 21:15:41,863 | INFO     | Epoch 115/250 - Train Loss: 0.045227, Val Loss: 0.050672[0m
2025-12-30 21:18:55,162 | INFO     | Epoch 116/250 - Train Loss: 0.045136, Val Loss: 0.051067[0m
2025-12-30 21:22:08,501 | INFO     | Epoch 117/250 - Train Loss: 0.044961, Val Loss: 0.051092[0m
2025-12-30 21:25:21,847 | INFO     | Epoch 118/250 - Train Loss: 0.044826, Val Loss: 0.051311[0m
2025-12-30 21:28:35,218 | INFO     | Epoch 119/250 - Train Loss: 0.044844, Val Loss: 0.051344[0m
2025-12-30 21:31:48,552 | INFO     | Epoch 120/250 - Train Loss: 0.044822, Val Loss: 0.050091[0m
2025-12-30 21:31:48,602 | INFO     | New best model saved with Val Loss: 0.050091
2025-12-30 21:35:02,056 | INFO     | Epoch 121/250 - Train Loss: 0.044132, Val Loss: 0.053101[0m
2025-12-30 21:38:15,402 | INFO     | Epoch 122/250 - Train Loss: 0.045275, Val Loss: 0.051142[0m
2025-12-30 21:41:28,768 | INFO     | Epoch 123/250 - Train Loss: 0.045403, Val Loss: 0.049570[0m
2025-12-30 21:41:28,821 | INFO     | New best model saved with Val Loss: 0.049570
2025-12-30 21:44:42,179 | INFO     | Epoch 124/250 - Train Loss: 0.044345, Val Loss: 0.051416[0m
2025-12-30 21:47:55,535 | INFO     | Epoch 125/250 - Train Loss: 0.044208, Val Loss: 0.050197[0m
2025-12-30 21:51:08,940 | INFO     | Epoch 126/250 - Train Loss: 0.043954, Val Loss: 0.050800[0m
2025-12-30 21:54:22,319 | INFO     | Epoch 127/250 - Train Loss: 0.043426, Val Loss: 0.049812[0m
2025-12-30 21:57:35,707 | INFO     | Epoch 128/250 - Train Loss: 0.043713, Val Loss: 0.050700[0m
2025-12-30 22:00:49,065 | INFO     | Epoch 129/250 - Train Loss: 0.043316, Val Loss: 0.051602[0m
2025-12-30 22:04:02,414 | INFO     | Epoch 130/250 - Train Loss: 0.043605, Val Loss: 0.051335[0m
2025-12-30 22:07:15,849 | INFO     | Epoch 131/250 - Train Loss: 0.043284, Val Loss: 0.055361[0m
2025-12-30 22:10:29,205 | INFO     | Epoch 132/250 - Train Loss: 0.043630, Val Loss: 0.050188[0m
2025-12-30 22:13:42,551 | INFO     | Epoch 133/250 - Train Loss: 0.043150, Val Loss: 0.050618[0m
2025-12-30 22:16:55,934 | INFO     | Epoch 134/250 - Train Loss: 0.043334, Val Loss: 0.050708[0m
2025-12-30 22:20:09,299 | INFO     | Epoch 135/250 - Train Loss: 0.042756, Val Loss: 0.051427[0m
2025-12-30 22:23:22,714 | INFO     | Epoch 136/250 - Train Loss: 0.042017, Val Loss: 0.050099[0m
2025-12-30 22:26:36,123 | INFO     | Epoch 137/250 - Train Loss: 0.043126, Val Loss: 0.052446[0m
2025-12-30 22:29:49,511 | INFO     | Epoch 138/250 - Train Loss: 0.042334, Val Loss: 0.060708[0m
2025-12-30 22:33:02,854 | INFO     | Epoch 139/250 - Train Loss: 0.043148, Val Loss: 0.050449[0m
2025-12-30 22:36:16,235 | INFO     | Epoch 140/250 - Train Loss: 0.043184, Val Loss: 0.053593[0m
2025-12-30 22:39:29,715 | INFO     | Epoch 141/250 - Train Loss: 0.042013, Val Loss: 0.051697[0m
2025-12-30 22:42:43,079 | INFO     | Epoch 142/250 - Train Loss: 0.042916, Val Loss: 0.049600[0m
2025-12-30 22:45:56,447 | INFO     | Epoch 143/250 - Train Loss: 0.042226, Val Loss: 0.052224[0m
2025-12-30 22:49:09,801 | INFO     | Epoch 144/250 - Train Loss: 0.043060, Val Loss: 0.053074[0m
2025-12-30 22:52:23,155 | INFO     | Epoch 145/250 - Train Loss: 0.041557, Val Loss: 0.049956[0m
2025-12-30 22:55:36,499 | INFO     | Epoch 146/250 - Train Loss: 0.042686, Val Loss: 0.050834[0m
2025-12-30 22:58:49,842 | INFO     | Epoch 147/250 - Train Loss: 0.042101, Val Loss: 0.049209[0m
2025-12-30 22:58:49,893 | INFO     | New best model saved with Val Loss: 0.049209
2025-12-30 23:02:03,237 | INFO     | Epoch 148/250 - Train Loss: 0.041734, Val Loss: 0.051166[0m
2025-12-30 23:05:16,618 | INFO     | Epoch 149/250 - Train Loss: 0.041287, Val Loss: 0.049315[0m
2025-12-30 23:08:29,969 | INFO     | Epoch 150/250 - Train Loss: 0.042422, Val Loss: 0.053563[0m
2025-12-30 23:11:43,432 | INFO     | Epoch 151/250 - Train Loss: 0.038547, Val Loss: 0.048252[0m
2025-12-30 23:11:43,490 | INFO     | New best model saved with Val Loss: 0.048252
2025-12-30 23:14:56,865 | INFO     | Epoch 152/250 - Train Loss: 0.037571, Val Loss: 0.052999[0m
2025-12-30 23:18:10,229 | INFO     | Epoch 153/250 - Train Loss: 0.038309, Val Loss: 0.048482[0m
2025-12-30 23:21:23,580 | INFO     | Epoch 154/250 - Train Loss: 0.037270, Val Loss: 0.048346[0m
2025-12-30 23:24:36,919 | INFO     | Epoch 155/250 - Train Loss: 0.037015, Val Loss: 0.048146[0m
2025-12-30 23:24:36,975 | INFO     | New best model saved with Val Loss: 0.048146
2025-12-30 23:27:50,328 | INFO     | Epoch 156/250 - Train Loss: 0.037159, Val Loss: 0.048338[0m
2025-12-30 23:31:03,657 | INFO     | Epoch 157/250 - Train Loss: 0.037255, Val Loss: 0.048471[0m
2025-12-30 23:34:17,013 | INFO     | Epoch 158/250 - Train Loss: 0.037105, Val Loss: 0.048981[0m
2025-12-30 23:37:30,363 | INFO     | Epoch 159/250 - Train Loss: 0.036901, Val Loss: 0.048868[0m
2025-12-30 23:40:43,712 | INFO     | Epoch 160/250 - Train Loss: 0.036920, Val Loss: 0.048302[0m
2025-12-30 23:43:57,150 | INFO     | Epoch 161/250 - Train Loss: 0.037284, Val Loss: 0.048233[0m
2025-12-30 23:47:10,526 | INFO     | Epoch 162/250 - Train Loss: 0.036332, Val Loss: 0.048298[0m
2025-12-30 23:50:23,887 | INFO     | Epoch 163/250 - Train Loss: 0.036414, Val Loss: 0.048635[0m
2025-12-30 23:53:37,240 | INFO     | Epoch 164/250 - Train Loss: 0.036081, Val Loss: 0.048316[0m
2025-12-30 23:56:50,582 | INFO     | Epoch 165/250 - Train Loss: 0.038333, Val Loss: 0.048353[0m
2025-12-31 00:00:03,930 | INFO     | Epoch 166/250 - Train Loss: 0.036334, Val Loss: 0.047973[0m
2025-12-31 00:00:03,976 | INFO     | New best model saved with Val Loss: 0.047973
2025-12-31 00:03:17,307 | INFO     | Epoch 167/250 - Train Loss: 0.035899, Val Loss: 0.048097[0m
2025-12-31 00:06:30,665 | INFO     | Epoch 168/250 - Train Loss: 0.036579, Val Loss: 0.050377[0m
2025-12-31 00:09:44,010 | INFO     | Epoch 169/250 - Train Loss: 0.036123, Val Loss: 0.048619[0m
2025-12-31 00:12:57,375 | INFO     | Epoch 170/250 - Train Loss: 0.035587, Val Loss: 0.047610[0m
2025-12-31 00:12:57,426 | INFO     | New best model saved with Val Loss: 0.047610
2025-12-31 00:16:10,882 | INFO     | Epoch 171/250 - Train Loss: 0.035604, Val Loss: 0.048453[0m
2025-12-31 00:19:24,222 | INFO     | Epoch 172/250 - Train Loss: 0.036592, Val Loss: 0.055795[0m
2025-12-31 00:22:37,607 | INFO     | Epoch 173/250 - Train Loss: 0.035896, Val Loss: 0.048373[0m
2025-12-31 00:25:50,965 | INFO     | Epoch 174/250 - Train Loss: 0.035123, Val Loss: 0.049463[0m
2025-12-31 00:29:04,329 | INFO     | Epoch 175/250 - Train Loss: 0.035567, Val Loss: 0.048658[0m
2025-12-31 00:32:17,682 | INFO     | Epoch 176/250 - Train Loss: 0.035697, Val Loss: 0.049504[0m
2025-12-31 00:35:31,038 | INFO     | Epoch 177/250 - Train Loss: 0.035296, Val Loss: 0.048396[0m
2025-12-31 00:38:44,391 | INFO     | Epoch 178/250 - Train Loss: 0.035850, Val Loss: 0.048725[0m
2025-12-31 00:41:57,735 | INFO     | Epoch 179/250 - Train Loss: 0.036283, Val Loss: 0.050166[0m
2025-12-31 00:45:11,111 | INFO     | Epoch 180/250 - Train Loss: 0.034844, Val Loss: 0.048525[0m
2025-12-31 00:48:24,563 | INFO     | Epoch 181/250 - Train Loss: 0.034913, Val Loss: 0.048402[0m
2025-12-31 00:51:37,919 | INFO     | Epoch 182/250 - Train Loss: 0.034822, Val Loss: 0.055236[0m
2025-12-31 00:54:51,296 | INFO     | Epoch 183/250 - Train Loss: 0.035337, Val Loss: 0.048089[0m
2025-12-31 00:58:04,666 | INFO     | Epoch 184/250 - Train Loss: 0.034529, Val Loss: 0.048649[0m
2025-12-31 01:01:18,028 | INFO     | Epoch 185/250 - Train Loss: 0.034749, Val Loss: 0.049978[0m
2025-12-31 01:04:31,408 | INFO     | Epoch 186/250 - Train Loss: 0.034513, Val Loss: 0.049317[0m
2025-12-31 01:07:44,798 | INFO     | Epoch 187/250 - Train Loss: 0.034255, Val Loss: 0.048623[0m
2025-12-31 01:10:58,139 | INFO     | Epoch 188/250 - Train Loss: 0.034435, Val Loss: 0.048642[0m
2025-12-31 01:14:11,438 | INFO     | Epoch 189/250 - Train Loss: 0.035853, Val Loss: 0.048124[0m
2025-12-31 01:17:24,778 | INFO     | Epoch 190/250 - Train Loss: 0.035083, Val Loss: 0.048513[0m
2025-12-31 01:20:38,225 | INFO     | Epoch 191/250 - Train Loss: 0.034321, Val Loss: 0.048675[0m
2025-12-31 01:23:51,584 | INFO     | Epoch 192/250 - Train Loss: 0.034590, Val Loss: 0.049557[0m
2025-12-31 01:27:04,932 | INFO     | Epoch 193/250 - Train Loss: 0.033990, Val Loss: 0.049027[0m
2025-12-31 01:30:18,273 | INFO     | Epoch 194/250 - Train Loss: 0.036866, Val Loss: 0.049652[0m
2025-12-31 01:33:31,617 | INFO     | Epoch 195/250 - Train Loss: 0.035046, Val Loss: 0.049101[0m
2025-12-31 01:36:44,967 | INFO     | Epoch 196/250 - Train Loss: 0.034211, Val Loss: 0.048400[0m
2025-12-31 01:39:58,309 | INFO     | Epoch 197/250 - Train Loss: 0.034871, Val Loss: 0.051086[0m
2025-12-31 01:43:11,706 | INFO     | Epoch 198/250 - Train Loss: 0.034008, Val Loss: 0.049143[0m
2025-12-31 01:46:25,090 | INFO     | Epoch 199/250 - Train Loss: 0.033277, Val Loss: 0.048576[0m
2025-12-31 01:49:38,504 | INFO     | Epoch 200/250 - Train Loss: 0.033569, Val Loss: 0.050501[0m
2025-12-31 01:52:52,008 | INFO     | Epoch 201/250 - Train Loss: 0.032498, Val Loss: 0.047963[0m
2025-12-31 01:56:05,375 | INFO     | Epoch 202/250 - Train Loss: 0.031716, Val Loss: 0.047974[0m
2025-12-31 01:59:18,723 | INFO     | Epoch 203/250 - Train Loss: 0.031810, Val Loss: 0.047779[0m
2025-12-31 02:02:32,114 | INFO     | Epoch 204/250 - Train Loss: 0.031572, Val Loss: 0.048459[0m
2025-12-31 02:05:45,498 | INFO     | Epoch 205/250 - Train Loss: 0.031648, Val Loss: 0.048137[0m
2025-12-31 02:08:58,817 | INFO     | Epoch 206/250 - Train Loss: 0.031574, Val Loss: 0.047831[0m
2025-12-31 02:12:12,196 | INFO     | Epoch 207/250 - Train Loss: 0.031369, Val Loss: 0.048635[0m
2025-12-31 02:15:25,585 | INFO     | Epoch 208/250 - Train Loss: 0.031967, Val Loss: 0.048593[0m
2025-12-31 02:18:38,960 | INFO     | Epoch 209/250 - Train Loss: 0.031581, Val Loss: 0.048280[0m
2025-12-31 02:21:52,327 | INFO     | Epoch 210/250 - Train Loss: 0.031465, Val Loss: 0.048103[0m
2025-12-31 02:25:05,806 | INFO     | Epoch 211/250 - Train Loss: 0.031322, Val Loss: 0.048684[0m
2025-12-31 02:28:19,193 | INFO     | Epoch 212/250 - Train Loss: 0.031210, Val Loss: 0.048564[0m
2025-12-31 02:31:32,577 | INFO     | Epoch 213/250 - Train Loss: 0.031789, Val Loss: 0.048472[0m
2025-12-31 02:34:45,935 | INFO     | Epoch 214/250 - Train Loss: 0.031106, Val Loss: 0.049044[0m
2025-12-31 02:37:59,310 | INFO     | Epoch 215/250 - Train Loss: 0.031271, Val Loss: 0.048899[0m
2025-12-31 02:41:12,684 | INFO     | Epoch 216/250 - Train Loss: 0.031134, Val Loss: 0.049074[0m
2025-12-31 02:44:26,068 | INFO     | Epoch 217/250 - Train Loss: 0.031484, Val Loss: 0.048372[0m
2025-12-31 02:47:39,481 | INFO     | Epoch 218/250 - Train Loss: 0.031140, Val Loss: 0.048059[0m
2025-12-31 02:50:52,859 | INFO     | Epoch 219/250 - Train Loss: 0.030876, Val Loss: 0.048428[0m
2025-12-31 02:54:06,278 | INFO     | Epoch 220/250 - Train Loss: 0.031071, Val Loss: 0.049250[0m
2025-12-31 02:57:19,759 | INFO     | Epoch 221/250 - Train Loss: 0.031104, Val Loss: 0.048381[0m
2025-12-31 03:00:33,142 | INFO     | Epoch 222/250 - Train Loss: 0.030574, Val Loss: 0.048795[0m
2025-12-31 03:03:46,495 | INFO     | Epoch 223/250 - Train Loss: 0.030673, Val Loss: 0.048462[0m
2025-12-31 03:06:59,842 | INFO     | Epoch 224/250 - Train Loss: 0.030580, Val Loss: 0.048542[0m
2025-12-31 03:10:13,212 | INFO     | Epoch 225/250 - Train Loss: 0.030784, Val Loss: 0.048556[0m
2025-12-31 03:13:26,554 | INFO     | Epoch 226/250 - Train Loss: 0.030568, Val Loss: 0.049329[0m
2025-12-31 03:16:39,924 | INFO     | Epoch 227/250 - Train Loss: 0.030937, Val Loss: 0.048905[0m
2025-12-31 03:19:53,264 | INFO     | Epoch 228/250 - Train Loss: 0.030517, Val Loss: 0.048804[0m
2025-12-31 03:23:06,625 | INFO     | Epoch 229/250 - Train Loss: 0.030426, Val Loss: 0.048827[0m
2025-12-31 03:26:20,019 | INFO     | Epoch 230/250 - Train Loss: 0.030480, Val Loss: 0.048482[0m
2025-12-31 03:29:33,479 | INFO     | Epoch 231/250 - Train Loss: 0.030373, Val Loss: 0.049615[0m
2025-12-31 03:32:46,847 | INFO     | Epoch 232/250 - Train Loss: 0.030307, Val Loss: 0.048576[0m
2025-12-31 03:36:00,218 | INFO     | Epoch 233/250 - Train Loss: 0.030256, Val Loss: 0.049075[0m
2025-12-31 03:39:13,597 | INFO     | Epoch 234/250 - Train Loss: 0.030281, Val Loss: 0.048501[0m
2025-12-31 03:42:27,003 | INFO     | Epoch 235/250 - Train Loss: 0.030159, Val Loss: 0.049187[0m
2025-12-31 03:45:40,338 | INFO     | Epoch 236/250 - Train Loss: 0.030082, Val Loss: 0.048586[0m
2025-12-31 03:48:53,687 | INFO     | Epoch 237/250 - Train Loss: 0.030287, Val Loss: 0.048970[0m
2025-12-31 03:52:07,044 | INFO     | Epoch 238/250 - Train Loss: 0.030100, Val Loss: 0.048993[0m
2025-12-31 03:55:20,395 | INFO     | Epoch 239/250 - Train Loss: 0.030638, Val Loss: 0.048558[0m
2025-12-31 03:58:33,757 | INFO     | Epoch 240/250 - Train Loss: 0.030061, Val Loss: 0.051277[0m
2025-12-31 04:01:47,230 | INFO     | Epoch 241/250 - Train Loss: 0.030102, Val Loss: 0.049210[0m
2025-12-31 04:05:00,613 | INFO     | Epoch 242/250 - Train Loss: 0.030418, Val Loss: 0.048865[0m
2025-12-31 04:08:13,999 | INFO     | Epoch 243/250 - Train Loss: 0.030055, Val Loss: 0.049174[0m
2025-12-31 04:11:27,368 | INFO     | Epoch 244/250 - Train Loss: 0.030218, Val Loss: 0.049131[0m
2025-12-31 04:14:40,767 | INFO     | Epoch 245/250 - Train Loss: 0.030097, Val Loss: 0.049162[0m
2025-12-31 04:17:54,129 | INFO     | Epoch 246/250 - Train Loss: 0.030553, Val Loss: 0.048593[0m
2025-12-31 04:21:07,491 | INFO     | Epoch 247/250 - Train Loss: 0.029439, Val Loss: 0.049285[0m
2025-12-31 04:24:20,861 | INFO     | Epoch 248/250 - Train Loss: 0.029798, Val Loss: 0.049012[0m
2025-12-31 04:27:34,269 | INFO     | Epoch 249/250 - Train Loss: 0.030490, Val Loss: 0.048368[0m
2025-12-31 04:30:47,655 | INFO     | Epoch 250/250 - Train Loss: 0.029665, Val Loss: 0.048910[0m
2025-12-31 04:30:47,795 | INFO     | Final model saved to experiments_DrivAerNet++/WW_spressure_N10k_lr1e-3_e250/final_model.pth
2025-12-31 04:30:47,795 | INFO     | Testing the final model
2025-12-31 04:30:58,003 | INFO     | *******************[35mL2_erro:[0m
2025-12-31 04:30:58,003 | INFO     |  0.172001
2025-12-31 04:30:58,003 | INFO     | *******************[35mmse_loss:[0m
2025-12-31 04:30:58,003 | INFO     |  0.053872
2025-12-31 04:30:58,003 | INFO     | *******************[35minference_time:[0m
2025-12-31 04:30:58,004 | INFO     |  0.000000
2025-12-31 04:30:58,004 | INFO     | Testing the best model
2025-12-31 04:31:08,217 | INFO     | *******************[35mL2_erro:[0m
2025-12-31 04:31:08,217 | INFO     |  0.171342
2025-12-31 04:31:08,217 | INFO     | *******************[35mmse_loss:[0m
2025-12-31 04:31:08,217 | INFO     |  0.053492
2025-12-31 04:31:08,217 | INFO     | *******************[35minference_time:[0m
2025-12-31 04:31:08,217 | INFO     |  0.000000
