2025-12-24 18:09:51,865 | INFO     | Config:
exp_name: WW_spressure_N10k_lr1e-3_e250_run1
model:
  input_dim: 3
  output_dim: 1
  head_num: 8
  hidden_dim: 256
  res: true
  slice_num: 32
  layer_num: 5
  mlp_ratio: 1.5
  dropout: 0.1
training:
  target: y_pres
  x_mean:
  - 1.5160021
  - -5.4310558e-06
  - 0.58746094
  x_std:
  - 1.415669
  - 0.65769494
  - 0.38634354
  y_mean: -95.576584
  y_std: 123.44368
  batch_size: 1
  epochs: 250
  lr: 0.001
  scheduler_step: 50
  scheduler_gamma: 0.5
  max_grad_norm: 0.1
  num_workers: 1
  weight_decay: 0.0
  test_only: 0
  gpus: '0'
  seed: 42
dataload:
  directory: /mnt/wjc_group/mae-zhangbj/DrivAerNet++_dataset/E_S_WW_WM

2025-12-24 18:09:51,866 | INFO     | args.exp_name : WW_spressure_N10k_lr1e-3_e250_run1
2025-12-24 18:09:51,866 | INFO     | Starting training with 1 GPUs
2025-12-24 18:09:53,017 | INFO     | Total trainable parameters: 3381321
2025-12-24 18:09:53,017 | INFO     | Data loaded: 464 training batches, 118 validation batches, 110 test batches
2025-12-24 18:09:53,018 | INFO     | Staring training for 250 epochs
2025-12-24 18:20:33,587 | INFO     | Epoch 1/250 - Train Loss: 0.795136, Val Loss: 0.450989[0m
2025-12-24 18:20:33,615 | INFO     | New best model saved with Val Loss: 0.450989
2025-12-24 18:31:46,411 | INFO     | Epoch 2/250 - Train Loss: 0.418142, Val Loss: 0.417631[0m
2025-12-24 18:31:46,469 | INFO     | New best model saved with Val Loss: 0.417631
2025-12-24 18:42:59,382 | INFO     | Epoch 3/250 - Train Loss: 0.396691, Val Loss: 0.389296[0m
2025-12-24 18:42:59,436 | INFO     | New best model saved with Val Loss: 0.389296
2025-12-24 18:54:12,325 | INFO     | Epoch 4/250 - Train Loss: 0.373889, Val Loss: 0.381473[0m
2025-12-24 18:54:12,378 | INFO     | New best model saved with Val Loss: 0.381473
2025-12-24 19:05:25,432 | INFO     | Epoch 5/250 - Train Loss: 0.349927, Val Loss: 0.326115[0m
2025-12-24 19:05:25,485 | INFO     | New best model saved with Val Loss: 0.326115
2025-12-24 19:16:38,904 | INFO     | Epoch 6/250 - Train Loss: 0.329544, Val Loss: 0.330286[0m
2025-12-24 19:27:52,081 | INFO     | Epoch 7/250 - Train Loss: 0.301562, Val Loss: 0.289314[0m
2025-12-24 19:27:52,143 | INFO     | New best model saved with Val Loss: 0.289314
2025-12-24 19:39:05,370 | INFO     | Epoch 8/250 - Train Loss: 0.278519, Val Loss: 0.278697[0m
2025-12-24 19:39:05,423 | INFO     | New best model saved with Val Loss: 0.278697
2025-12-24 19:50:18,610 | INFO     | Epoch 9/250 - Train Loss: 0.261128, Val Loss: 0.263938[0m
2025-12-24 19:50:18,664 | INFO     | New best model saved with Val Loss: 0.263938
2025-12-24 20:01:31,940 | INFO     | Epoch 10/250 - Train Loss: 0.245574, Val Loss: 0.234648[0m
2025-12-24 20:01:31,995 | INFO     | New best model saved with Val Loss: 0.234648
2025-12-24 20:12:45,322 | INFO     | Epoch 11/250 - Train Loss: 0.235387, Val Loss: 0.228460[0m
2025-12-24 20:12:45,375 | INFO     | New best model saved with Val Loss: 0.228460
2025-12-24 20:23:58,769 | INFO     | Epoch 12/250 - Train Loss: 0.222433, Val Loss: 0.231839[0m
2025-12-24 20:35:12,163 | INFO     | Epoch 13/250 - Train Loss: 0.214224, Val Loss: 0.213966[0m
2025-12-24 20:35:12,205 | INFO     | New best model saved with Val Loss: 0.213966
2025-12-24 20:46:25,468 | INFO     | Epoch 14/250 - Train Loss: 0.203741, Val Loss: 0.207162[0m
2025-12-24 20:46:25,525 | INFO     | New best model saved with Val Loss: 0.207162
2025-12-24 20:57:38,796 | INFO     | Epoch 15/250 - Train Loss: 0.194108, Val Loss: 0.181940[0m
2025-12-24 20:57:38,851 | INFO     | New best model saved with Val Loss: 0.181940
2025-12-24 21:08:52,143 | INFO     | Epoch 16/250 - Train Loss: 0.192317, Val Loss: 0.212478[0m
2025-12-24 21:20:05,414 | INFO     | Epoch 17/250 - Train Loss: 0.180563, Val Loss: 0.167468[0m
2025-12-24 21:20:05,466 | INFO     | New best model saved with Val Loss: 0.167468
2025-12-24 21:31:18,761 | INFO     | Epoch 18/250 - Train Loss: 0.173232, Val Loss: 0.177744[0m
2025-12-24 21:42:32,130 | INFO     | Epoch 19/250 - Train Loss: 0.166715, Val Loss: 0.166692[0m
2025-12-24 21:42:32,179 | INFO     | New best model saved with Val Loss: 0.166692
2025-12-24 21:53:45,465 | INFO     | Epoch 20/250 - Train Loss: 0.159251, Val Loss: 0.153916[0m
2025-12-24 21:53:45,522 | INFO     | New best model saved with Val Loss: 0.153916
2025-12-24 22:04:58,994 | INFO     | Epoch 21/250 - Train Loss: 0.156140, Val Loss: 0.152232[0m
2025-12-24 22:04:59,044 | INFO     | New best model saved with Val Loss: 0.152232
2025-12-24 22:16:12,277 | INFO     | Epoch 22/250 - Train Loss: 0.151810, Val Loss: 0.165647[0m
2025-12-24 22:27:25,579 | INFO     | Epoch 23/250 - Train Loss: 0.144422, Val Loss: 0.137711[0m
2025-12-24 22:27:25,626 | INFO     | New best model saved with Val Loss: 0.137711
2025-12-24 22:38:38,922 | INFO     | Epoch 24/250 - Train Loss: 0.143537, Val Loss: 0.149707[0m
2025-12-24 22:49:52,195 | INFO     | Epoch 25/250 - Train Loss: 0.136854, Val Loss: 0.143301[0m
2025-12-24 23:01:05,492 | INFO     | Epoch 26/250 - Train Loss: 0.132545, Val Loss: 0.127751[0m
2025-12-24 23:01:05,547 | INFO     | New best model saved with Val Loss: 0.127751
2025-12-24 23:12:18,837 | INFO     | Epoch 27/250 - Train Loss: 0.128466, Val Loss: 0.123423[0m
2025-12-24 23:12:18,881 | INFO     | New best model saved with Val Loss: 0.123423
2025-12-24 23:23:32,184 | INFO     | Epoch 28/250 - Train Loss: 0.126950, Val Loss: 0.122913[0m
2025-12-24 23:23:32,238 | INFO     | New best model saved with Val Loss: 0.122913
2025-12-24 23:34:45,445 | INFO     | Epoch 29/250 - Train Loss: 0.121664, Val Loss: 0.115919[0m
2025-12-24 23:34:45,500 | INFO     | New best model saved with Val Loss: 0.115919
2025-12-24 23:45:58,426 | INFO     | Epoch 30/250 - Train Loss: 0.119883, Val Loss: 0.119793[0m
2025-12-24 23:57:11,530 | INFO     | Epoch 31/250 - Train Loss: 0.113835, Val Loss: 0.111121[0m
2025-12-24 23:57:11,585 | INFO     | New best model saved with Val Loss: 0.111121
2025-12-25 00:08:24,546 | INFO     | Epoch 32/250 - Train Loss: 0.111422, Val Loss: 0.106821[0m
2025-12-25 00:08:24,599 | INFO     | New best model saved with Val Loss: 0.106821
2025-12-25 00:19:37,560 | INFO     | Epoch 33/250 - Train Loss: 0.109928, Val Loss: 0.098335[0m
2025-12-25 00:19:37,614 | INFO     | New best model saved with Val Loss: 0.098335
2025-12-25 00:30:50,609 | INFO     | Epoch 34/250 - Train Loss: 0.107559, Val Loss: 0.101403[0m
2025-12-25 00:42:03,613 | INFO     | Epoch 35/250 - Train Loss: 0.102798, Val Loss: 0.115525[0m
2025-12-25 00:53:17,411 | INFO     | Epoch 36/250 - Train Loss: 0.101989, Val Loss: 0.097592[0m
2025-12-25 00:53:17,468 | INFO     | New best model saved with Val Loss: 0.097592
2025-12-25 01:04:30,503 | INFO     | Epoch 37/250 - Train Loss: 0.099819, Val Loss: 0.103832[0m
2025-12-25 01:15:43,485 | INFO     | Epoch 38/250 - Train Loss: 0.097441, Val Loss: 0.091065[0m
2025-12-25 01:15:43,536 | INFO     | New best model saved with Val Loss: 0.091065
2025-12-25 01:26:56,454 | INFO     | Epoch 39/250 - Train Loss: 0.095182, Val Loss: 0.102962[0m
2025-12-25 01:38:09,267 | INFO     | Epoch 40/250 - Train Loss: 0.095288, Val Loss: 0.098307[0m
2025-12-25 01:49:22,396 | INFO     | Epoch 41/250 - Train Loss: 0.090945, Val Loss: 0.091501[0m
2025-12-25 02:00:35,317 | INFO     | Epoch 42/250 - Train Loss: 0.090962, Val Loss: 0.087887[0m
2025-12-25 02:00:35,372 | INFO     | New best model saved with Val Loss: 0.087887
2025-12-25 02:11:48,322 | INFO     | Epoch 43/250 - Train Loss: 0.089398, Val Loss: 0.089181[0m
2025-12-25 02:23:01,213 | INFO     | Epoch 44/250 - Train Loss: 0.086690, Val Loss: 0.085336[0m
2025-12-25 02:23:01,274 | INFO     | New best model saved with Val Loss: 0.085336
2025-12-25 02:34:14,219 | INFO     | Epoch 45/250 - Train Loss: 0.085864, Val Loss: 0.083458[0m
2025-12-25 02:34:14,274 | INFO     | New best model saved with Val Loss: 0.083458
2025-12-25 02:45:27,278 | INFO     | Epoch 46/250 - Train Loss: 0.084237, Val Loss: 0.078520[0m
2025-12-25 02:45:27,324 | INFO     | New best model saved with Val Loss: 0.078520
2025-12-25 02:56:40,297 | INFO     | Epoch 47/250 - Train Loss: 0.081136, Val Loss: 0.081686[0m
2025-12-25 03:07:53,182 | INFO     | Epoch 48/250 - Train Loss: 0.081178, Val Loss: 0.082852[0m
2025-12-25 03:19:06,154 | INFO     | Epoch 49/250 - Train Loss: 0.079962, Val Loss: 0.079357[0m
2025-12-25 03:30:18,860 | INFO     | Epoch 50/250 - Train Loss: 0.078988, Val Loss: 0.075025[0m
2025-12-25 03:30:18,904 | INFO     | New best model saved with Val Loss: 0.075025
2025-12-25 03:41:31,811 | INFO     | Epoch 51/250 - Train Loss: 0.066514, Val Loss: 0.065810[0m
2025-12-25 03:41:31,859 | INFO     | New best model saved with Val Loss: 0.065810
2025-12-25 03:52:44,672 | INFO     | Epoch 52/250 - Train Loss: 0.065786, Val Loss: 0.065248[0m
2025-12-25 03:52:44,728 | INFO     | New best model saved with Val Loss: 0.065248
2025-12-25 04:03:57,661 | INFO     | Epoch 53/250 - Train Loss: 0.065571, Val Loss: 0.065139[0m
2025-12-25 04:03:57,713 | INFO     | New best model saved with Val Loss: 0.065139
2025-12-25 04:15:10,636 | INFO     | Epoch 54/250 - Train Loss: 0.064066, Val Loss: 0.064972[0m
2025-12-25 04:15:10,691 | INFO     | New best model saved with Val Loss: 0.064972
2025-12-25 04:26:23,556 | INFO     | Epoch 55/250 - Train Loss: 0.063959, Val Loss: 0.063361[0m
2025-12-25 04:26:23,607 | INFO     | New best model saved with Val Loss: 0.063361
2025-12-25 04:37:36,525 | INFO     | Epoch 56/250 - Train Loss: 0.063522, Val Loss: 0.063821[0m
2025-12-25 04:48:49,501 | INFO     | Epoch 57/250 - Train Loss: 0.062936, Val Loss: 0.064527[0m
2025-12-25 05:00:03,353 | INFO     | Epoch 58/250 - Train Loss: 0.063677, Val Loss: 0.065302[0m
2025-12-25 05:11:17,092 | INFO     | Epoch 59/250 - Train Loss: 0.061811, Val Loss: 0.062581[0m
2025-12-25 05:11:17,144 | INFO     | New best model saved with Val Loss: 0.062581
2025-12-25 05:22:30,816 | INFO     | Epoch 60/250 - Train Loss: 0.061122, Val Loss: 0.061473[0m
2025-12-25 05:22:30,878 | INFO     | New best model saved with Val Loss: 0.061473
2025-12-25 05:33:44,784 | INFO     | Epoch 61/250 - Train Loss: 0.060977, Val Loss: 0.060902[0m
2025-12-25 05:33:44,839 | INFO     | New best model saved with Val Loss: 0.060902
2025-12-25 05:44:58,584 | INFO     | Epoch 62/250 - Train Loss: 0.060248, Val Loss: 0.061582[0m
2025-12-25 05:56:12,435 | INFO     | Epoch 63/250 - Train Loss: 0.060280, Val Loss: 0.064794[0m
2025-12-25 06:07:26,319 | INFO     | Epoch 64/250 - Train Loss: 0.059771, Val Loss: 0.061349[0m
2025-12-25 06:18:40,164 | INFO     | Epoch 65/250 - Train Loss: 0.059107, Val Loss: 0.063275[0m
2025-12-25 06:29:53,973 | INFO     | Epoch 66/250 - Train Loss: 0.059028, Val Loss: 0.061676[0m
2025-12-25 06:41:07,811 | INFO     | Epoch 67/250 - Train Loss: 0.059339, Val Loss: 0.060445[0m
2025-12-25 06:41:07,867 | INFO     | New best model saved with Val Loss: 0.060445
2025-12-25 06:52:21,626 | INFO     | Epoch 68/250 - Train Loss: 0.058022, Val Loss: 0.060568[0m
2025-12-25 07:03:35,422 | INFO     | Epoch 69/250 - Train Loss: 0.057788, Val Loss: 0.059815[0m
2025-12-25 07:03:35,478 | INFO     | New best model saved with Val Loss: 0.059815
2025-12-25 07:14:49,125 | INFO     | Epoch 70/250 - Train Loss: 0.057183, Val Loss: 0.058831[0m
2025-12-25 07:14:49,178 | INFO     | New best model saved with Val Loss: 0.058831
2025-12-25 07:26:03,107 | INFO     | Epoch 71/250 - Train Loss: 0.057188, Val Loss: 0.057739[0m
2025-12-25 07:26:03,164 | INFO     | New best model saved with Val Loss: 0.057739
2025-12-25 07:37:16,941 | INFO     | Epoch 72/250 - Train Loss: 0.056842, Val Loss: 0.062618[0m
2025-12-25 07:48:30,726 | INFO     | Epoch 73/250 - Train Loss: 0.056257, Val Loss: 0.060073[0m
2025-12-25 07:59:44,434 | INFO     | Epoch 74/250 - Train Loss: 0.056222, Val Loss: 0.058661[0m
2025-12-25 08:10:58,125 | INFO     | Epoch 75/250 - Train Loss: 0.055466, Val Loss: 0.063572[0m
2025-12-25 08:22:11,956 | INFO     | Epoch 76/250 - Train Loss: 0.056926, Val Loss: 0.057425[0m
2025-12-25 08:22:12,008 | INFO     | New best model saved with Val Loss: 0.057425
2025-12-25 08:33:24,044 | INFO     | Epoch 77/250 - Train Loss: 0.054895, Val Loss: 0.057136[0m
2025-12-25 08:33:24,093 | INFO     | New best model saved with Val Loss: 0.057136
2025-12-25 08:44:36,838 | INFO     | Epoch 78/250 - Train Loss: 0.054852, Val Loss: 0.059618[0m
2025-12-25 08:55:49,512 | INFO     | Epoch 79/250 - Train Loss: 0.055718, Val Loss: 0.058940[0m
2025-12-25 09:07:02,060 | INFO     | Epoch 80/250 - Train Loss: 0.054511, Val Loss: 0.058028[0m
2025-12-25 09:18:14,810 | INFO     | Epoch 81/250 - Train Loss: 0.053619, Val Loss: 0.059393[0m
2025-12-25 09:29:27,401 | INFO     | Epoch 82/250 - Train Loss: 0.054004, Val Loss: 0.057630[0m
2025-12-25 09:40:40,002 | INFO     | Epoch 83/250 - Train Loss: 0.053410, Val Loss: 0.056251[0m
2025-12-25 09:40:40,061 | INFO     | New best model saved with Val Loss: 0.056251
2025-12-25 09:51:52,660 | INFO     | Epoch 84/250 - Train Loss: 0.053299, Val Loss: 0.058810[0m
2025-12-25 10:03:05,267 | INFO     | Epoch 85/250 - Train Loss: 0.053063, Val Loss: 0.055321[0m
2025-12-25 10:03:05,319 | INFO     | New best model saved with Val Loss: 0.055321
2025-12-25 10:14:18,057 | INFO     | Epoch 86/250 - Train Loss: 0.053280, Val Loss: 0.057287[0m
2025-12-25 10:25:30,707 | INFO     | Epoch 87/250 - Train Loss: 0.052925, Val Loss: 0.057069[0m
2025-12-25 10:36:07,217 | INFO     | Config:
exp_name: WW_spressure_N10k_lr1e-3_e250_run1
model:
  input_dim: 3
  output_dim: 1
  head_num: 8
  hidden_dim: 256
  res: true
  slice_num: 32
  layer_num: 5
  mlp_ratio: 1.5
  dropout: 0.1
training:
  target: y_pres
  x_mean:
  - 1.5160021
  - -5.4310558e-06
  - 0.58746094
  x_std:
  - 1.415669
  - 0.65769494
  - 0.38634354
  y_mean: -95.576584
  y_std: 123.44368
  batch_size: 1
  epochs: 250
  lr: 0.001
  scheduler_step: 50
  scheduler_gamma: 0.5
  max_grad_norm: 0.1
  num_workers: 1
  weight_decay: 0.0
  test_only: 0
  gpus: '0'
  seed: 42
dataload:
  directory: /mnt/wjc_group/mae-zhangbj/DrivAerNet++_dataset/E_S_WW_WM

2025-12-25 10:36:07,217 | INFO     | args.exp_name : WW_spressure_N10k_lr1e-3_e250_run1
2025-12-25 10:36:07,217 | INFO     | Starting training with 1 GPUs
2025-12-25 10:36:08,607 | INFO     | Total trainable parameters: 3381321
2025-12-25 10:36:08,607 | INFO     | Data loaded: 464 training batches, 118 validation batches, 110 test batches
2025-12-25 10:36:08,608 | INFO     | Staring training for 250 epochs
2025-12-25 10:36:43,426 | INFO     | Epoch 88/250 - Train Loss: 0.053024, Val Loss: 0.055465[0m
2025-12-25 10:47:15,510 | INFO     | Epoch 1/250 - Train Loss: 0.797807, Val Loss: 0.476304[0m
2025-12-25 10:47:15,565 | INFO     | New best model saved with Val Loss: 0.476304
2025-12-25 10:47:56,309 | INFO     | Epoch 89/250 - Train Loss: 0.052719, Val Loss: 0.054563[0m
2025-12-25 10:47:56,357 | INFO     | New best model saved with Val Loss: 0.054563
2025-12-25 10:58:22,060 | INFO     | Epoch 2/250 - Train Loss: 0.417490, Val Loss: 0.441653[0m
2025-12-25 10:58:22,114 | INFO     | New best model saved with Val Loss: 0.441653
2025-12-25 10:59:09,272 | INFO     | Epoch 90/250 - Train Loss: 0.051953, Val Loss: 0.055681[0m
2025-12-25 11:09:30,255 | INFO     | Epoch 3/250 - Train Loss: 0.393837, Val Loss: 0.365315[0m
2025-12-25 11:09:30,308 | INFO     | New best model saved with Val Loss: 0.365315
2025-12-25 11:10:22,343 | INFO     | Epoch 91/250 - Train Loss: 0.052112, Val Loss: 0.055961[0m
2025-12-25 11:20:38,309 | INFO     | Epoch 4/250 - Train Loss: 0.364657, Val Loss: 0.349745[0m
2025-12-25 11:20:38,363 | INFO     | New best model saved with Val Loss: 0.349745
2025-12-25 11:21:34,972 | INFO     | Epoch 92/250 - Train Loss: 0.051311, Val Loss: 0.055206[0m
2025-12-25 11:31:46,422 | INFO     | Epoch 5/250 - Train Loss: 0.347598, Val Loss: 0.335395[0m
2025-12-25 11:31:46,474 | INFO     | New best model saved with Val Loss: 0.335395
2025-12-25 11:32:47,863 | INFO     | Epoch 93/250 - Train Loss: 0.051130, Val Loss: 0.054067[0m
2025-12-25 11:32:47,919 | INFO     | New best model saved with Val Loss: 0.054067
2025-12-25 11:42:54,538 | INFO     | Epoch 6/250 - Train Loss: 0.334221, Val Loss: 0.330997[0m
2025-12-25 11:42:54,591 | INFO     | New best model saved with Val Loss: 0.330997
2025-12-25 11:44:00,787 | INFO     | Epoch 94/250 - Train Loss: 0.051665, Val Loss: 0.059907[0m
2025-12-25 11:54:02,564 | INFO     | Epoch 7/250 - Train Loss: 0.313939, Val Loss: 0.300291[0m
2025-12-25 11:54:02,617 | INFO     | New best model saved with Val Loss: 0.300291
2025-12-25 11:55:13,628 | INFO     | Epoch 95/250 - Train Loss: 0.051764, Val Loss: 0.057420[0m
2025-12-25 12:05:10,581 | INFO     | Epoch 8/250 - Train Loss: 0.281601, Val Loss: 0.281839[0m
2025-12-25 12:05:10,637 | INFO     | New best model saved with Val Loss: 0.281839
2025-12-25 12:06:26,543 | INFO     | Epoch 96/250 - Train Loss: 0.050146, Val Loss: 0.053861[0m
2025-12-25 12:06:26,598 | INFO     | New best model saved with Val Loss: 0.053861
2025-12-25 12:16:18,479 | INFO     | Epoch 9/250 - Train Loss: 0.257944, Val Loss: 0.245906[0m
2025-12-25 12:16:18,530 | INFO     | New best model saved with Val Loss: 0.245906
2025-12-25 12:17:39,535 | INFO     | Epoch 97/250 - Train Loss: 0.051495, Val Loss: 0.056125[0m
2025-12-25 12:27:26,298 | INFO     | Epoch 10/250 - Train Loss: 0.233277, Val Loss: 0.250286[0m
2025-12-25 12:28:52,490 | INFO     | Epoch 98/250 - Train Loss: 0.049621, Val Loss: 0.053526[0m
2025-12-25 12:28:52,546 | INFO     | New best model saved with Val Loss: 0.053526
2025-12-25 12:38:34,419 | INFO     | Epoch 11/250 - Train Loss: 0.225687, Val Loss: 0.229790[0m
2025-12-25 12:38:34,471 | INFO     | New best model saved with Val Loss: 0.229790
2025-12-25 12:40:05,403 | INFO     | Epoch 99/250 - Train Loss: 0.051467, Val Loss: 0.056696[0m
2025-12-25 12:49:42,456 | INFO     | Epoch 12/250 - Train Loss: 0.212743, Val Loss: 0.210585[0m
2025-12-25 12:49:42,508 | INFO     | New best model saved with Val Loss: 0.210585
2025-12-25 12:51:18,114 | INFO     | Epoch 100/250 - Train Loss: 0.049696, Val Loss: 0.053892[0m
2025-12-25 13:00:50,574 | INFO     | Epoch 13/250 - Train Loss: 0.203417, Val Loss: 0.203603[0m
2025-12-25 13:00:50,626 | INFO     | New best model saved with Val Loss: 0.203603
2025-12-25 13:02:32,775 | INFO     | Epoch 101/250 - Train Loss: 0.044397, Val Loss: 0.049796[0m
2025-12-25 13:02:32,829 | INFO     | New best model saved with Val Loss: 0.049796
2025-12-25 13:11:58,674 | INFO     | Epoch 14/250 - Train Loss: 0.195288, Val Loss: 0.184298[0m
2025-12-25 13:11:58,724 | INFO     | New best model saved with Val Loss: 0.184298
2025-12-25 13:13:47,312 | INFO     | Epoch 102/250 - Train Loss: 0.043905, Val Loss: 0.050528[0m
2025-12-25 13:23:06,716 | INFO     | Epoch 15/250 - Train Loss: 0.188506, Val Loss: 0.187062[0m
2025-12-25 13:25:00,964 | INFO     | Epoch 103/250 - Train Loss: 0.043821, Val Loss: 0.050282[0m
2025-12-25 13:34:14,696 | INFO     | Epoch 16/250 - Train Loss: 0.178817, Val Loss: 0.171728[0m
2025-12-25 13:34:14,750 | INFO     | New best model saved with Val Loss: 0.171728
2025-12-25 13:36:13,626 | INFO     | Epoch 104/250 - Train Loss: 0.043690, Val Loss: 0.049875[0m
2025-12-25 13:45:22,642 | INFO     | Epoch 17/250 - Train Loss: 0.169986, Val Loss: 0.163352[0m
2025-12-25 13:45:22,698 | INFO     | New best model saved with Val Loss: 0.163352
2025-12-25 13:47:26,394 | INFO     | Epoch 105/250 - Train Loss: 0.043426, Val Loss: 0.051659[0m
2025-12-25 13:56:30,605 | INFO     | Epoch 18/250 - Train Loss: 0.162769, Val Loss: 0.169632[0m
2025-12-25 13:58:39,088 | INFO     | Epoch 106/250 - Train Loss: 0.044020, Val Loss: 0.050495[0m
2025-12-25 14:07:38,481 | INFO     | Epoch 19/250 - Train Loss: 0.155117, Val Loss: 0.142850[0m
2025-12-25 14:07:38,537 | INFO     | New best model saved with Val Loss: 0.142850
2025-12-25 14:09:52,005 | INFO     | Epoch 107/250 - Train Loss: 0.043201, Val Loss: 0.050861[0m
2025-12-25 14:18:46,300 | INFO     | Epoch 20/250 - Train Loss: 0.149919, Val Loss: 0.140110[0m
2025-12-25 14:18:46,345 | INFO     | New best model saved with Val Loss: 0.140110
2025-12-25 14:21:04,883 | INFO     | Epoch 108/250 - Train Loss: 0.043159, Val Loss: 0.050538[0m
2025-12-25 14:29:54,282 | INFO     | Epoch 21/250 - Train Loss: 0.143326, Val Loss: 0.145222[0m
2025-12-25 14:32:17,782 | INFO     | Epoch 109/250 - Train Loss: 0.043321, Val Loss: 0.052272[0m
2025-12-25 14:41:02,230 | INFO     | Epoch 22/250 - Train Loss: 0.137830, Val Loss: 0.134095[0m
2025-12-25 14:41:02,285 | INFO     | New best model saved with Val Loss: 0.134095
2025-12-25 14:43:30,498 | INFO     | Epoch 110/250 - Train Loss: 0.044573, Val Loss: 0.050076[0m
2025-12-25 14:52:10,094 | INFO     | Epoch 23/250 - Train Loss: 0.133184, Val Loss: 0.127078[0m
2025-12-25 14:52:10,150 | INFO     | New best model saved with Val Loss: 0.127078
2025-12-25 14:54:43,394 | INFO     | Epoch 111/250 - Train Loss: 0.042655, Val Loss: 0.051357[0m
2025-12-25 15:03:18,077 | INFO     | Epoch 24/250 - Train Loss: 0.130998, Val Loss: 0.127697[0m
2025-12-25 15:05:56,140 | INFO     | Epoch 112/250 - Train Loss: 0.042061, Val Loss: 0.050403[0m
2025-12-25 15:14:25,920 | INFO     | Epoch 25/250 - Train Loss: 0.125594, Val Loss: 0.135228[0m
2025-12-25 15:17:08,951 | INFO     | Epoch 113/250 - Train Loss: 0.042006, Val Loss: 0.050340[0m
2025-12-25 15:25:33,649 | INFO     | Epoch 26/250 - Train Loss: 0.122537, Val Loss: 0.122343[0m
2025-12-25 15:25:33,707 | INFO     | New best model saved with Val Loss: 0.122343
2025-12-25 15:28:21,726 | INFO     | Epoch 114/250 - Train Loss: 0.043939, Val Loss: 0.050204[0m
2025-12-25 15:36:41,553 | INFO     | Epoch 27/250 - Train Loss: 0.117307, Val Loss: 0.119572[0m
2025-12-25 15:36:41,611 | INFO     | New best model saved with Val Loss: 0.119572
2025-12-25 15:39:34,621 | INFO     | Epoch 115/250 - Train Loss: 0.041873, Val Loss: 0.050688[0m
2025-12-25 15:47:49,492 | INFO     | Epoch 28/250 - Train Loss: 0.118500, Val Loss: 0.126011[0m
2025-12-25 15:50:47,454 | INFO     | Epoch 116/250 - Train Loss: 0.042033, Val Loss: 0.049900[0m
2025-12-25 15:58:57,161 | INFO     | Epoch 29/250 - Train Loss: 0.112928, Val Loss: 0.108239[0m
2025-12-25 15:58:57,214 | INFO     | New best model saved with Val Loss: 0.108239
2025-12-25 16:02:00,410 | INFO     | Epoch 117/250 - Train Loss: 0.041832, Val Loss: 0.050590[0m
2025-12-25 16:10:05,019 | INFO     | Epoch 30/250 - Train Loss: 0.108848, Val Loss: 0.115874[0m
2025-12-25 16:13:13,448 | INFO     | Epoch 118/250 - Train Loss: 0.042084, Val Loss: 0.050164[0m
2025-12-25 16:21:13,154 | INFO     | Epoch 31/250 - Train Loss: 0.108155, Val Loss: 0.104602[0m
2025-12-25 16:21:13,211 | INFO     | New best model saved with Val Loss: 0.104602
2025-12-25 16:24:26,333 | INFO     | Epoch 119/250 - Train Loss: 0.042443, Val Loss: 0.052887[0m
2025-12-25 16:32:20,968 | INFO     | Epoch 32/250 - Train Loss: 0.103191, Val Loss: 0.098583[0m
2025-12-25 16:32:21,024 | INFO     | New best model saved with Val Loss: 0.098583
2025-12-25 16:35:39,183 | INFO     | Epoch 120/250 - Train Loss: 0.041437, Val Loss: 0.050717[0m
2025-12-25 16:43:28,832 | INFO     | Epoch 33/250 - Train Loss: 0.102699, Val Loss: 0.092930[0m
2025-12-25 16:43:28,886 | INFO     | New best model saved with Val Loss: 0.092930
2025-12-25 16:46:52,091 | INFO     | Epoch 121/250 - Train Loss: 0.040920, Val Loss: 0.050894[0m
2025-12-25 16:54:36,591 | INFO     | Epoch 34/250 - Train Loss: 0.098426, Val Loss: 0.090682[0m
2025-12-25 16:54:36,655 | INFO     | New best model saved with Val Loss: 0.090682
2025-12-25 16:58:04,979 | INFO     | Epoch 122/250 - Train Loss: 0.041974, Val Loss: 0.049585[0m
2025-12-25 16:58:05,035 | INFO     | New best model saved with Val Loss: 0.049585
2025-12-25 17:05:44,568 | INFO     | Epoch 35/250 - Train Loss: 0.095852, Val Loss: 0.094750[0m
2025-12-25 17:09:17,803 | INFO     | Epoch 123/250 - Train Loss: 0.040426, Val Loss: 0.050601[0m
2025-12-25 17:16:52,384 | INFO     | Epoch 36/250 - Train Loss: 0.093875, Val Loss: 0.092691[0m
2025-12-25 17:20:30,634 | INFO     | Epoch 124/250 - Train Loss: 0.040665, Val Loss: 0.051480[0m
2025-12-25 17:28:00,239 | INFO     | Epoch 37/250 - Train Loss: 0.091888, Val Loss: 0.094190[0m
2025-12-25 17:31:43,551 | INFO     | Epoch 125/250 - Train Loss: 0.040983, Val Loss: 0.050448[0m
2025-12-25 17:39:08,142 | INFO     | Epoch 38/250 - Train Loss: 0.089995, Val Loss: 0.087012[0m
2025-12-25 17:39:08,189 | INFO     | New best model saved with Val Loss: 0.087012
2025-12-25 17:42:56,542 | INFO     | Epoch 126/250 - Train Loss: 0.040274, Val Loss: 0.049534[0m
2025-12-25 17:42:56,597 | INFO     | New best model saved with Val Loss: 0.049534
2025-12-25 17:50:16,074 | INFO     | Epoch 39/250 - Train Loss: 0.088970, Val Loss: 0.089253[0m
2025-12-25 17:54:09,428 | INFO     | Epoch 127/250 - Train Loss: 0.040931, Val Loss: 0.049734[0m
2025-12-25 18:01:23,836 | INFO     | Epoch 40/250 - Train Loss: 0.086916, Val Loss: 0.085122[0m
2025-12-25 18:01:23,884 | INFO     | New best model saved with Val Loss: 0.085122
2025-12-25 18:05:22,243 | INFO     | Epoch 128/250 - Train Loss: 0.040192, Val Loss: 0.050552[0m
2025-12-25 18:12:32,025 | INFO     | Epoch 41/250 - Train Loss: 0.085685, Val Loss: 0.089035[0m
2025-12-25 18:16:35,191 | INFO     | Epoch 129/250 - Train Loss: 0.039714, Val Loss: 0.049973[0m
2025-12-25 18:23:39,864 | INFO     | Epoch 42/250 - Train Loss: 0.085158, Val Loss: 0.093093[0m
2025-12-25 18:27:48,072 | INFO     | Epoch 130/250 - Train Loss: 0.040046, Val Loss: 0.051068[0m
2025-12-25 18:34:47,890 | INFO     | Epoch 43/250 - Train Loss: 0.083406, Val Loss: 0.086497[0m
2025-12-25 18:39:01,212 | INFO     | Epoch 131/250 - Train Loss: 0.040293, Val Loss: 0.050906[0m
2025-12-25 18:45:55,692 | INFO     | Epoch 44/250 - Train Loss: 0.080930, Val Loss: 0.083019[0m
2025-12-25 18:45:55,745 | INFO     | New best model saved with Val Loss: 0.083019
2025-12-25 18:50:14,058 | INFO     | Epoch 132/250 - Train Loss: 0.040020, Val Loss: 0.049893[0m
2025-12-25 18:57:03,588 | INFO     | Epoch 45/250 - Train Loss: 0.081830, Val Loss: 0.078382[0m
2025-12-25 18:57:03,640 | INFO     | New best model saved with Val Loss: 0.078382
2025-12-25 19:01:26,970 | INFO     | Epoch 133/250 - Train Loss: 0.039801, Val Loss: 0.050937[0m
2025-12-25 19:08:11,472 | INFO     | Epoch 46/250 - Train Loss: 0.079806, Val Loss: 0.079312[0m
2025-12-25 19:12:39,828 | INFO     | Epoch 134/250 - Train Loss: 0.040204, Val Loss: 0.051470[0m
2025-12-25 19:19:19,343 | INFO     | Epoch 47/250 - Train Loss: 0.077369, Val Loss: 0.073624[0m
2025-12-25 19:19:19,404 | INFO     | New best model saved with Val Loss: 0.073624
2025-12-25 19:23:52,658 | INFO     | Epoch 135/250 - Train Loss: 0.040544, Val Loss: 0.052232[0m
2025-12-25 19:30:27,290 | INFO     | Epoch 48/250 - Train Loss: 0.077394, Val Loss: 0.077369[0m
2025-12-25 19:35:05,368 | INFO     | Epoch 136/250 - Train Loss: 0.040643, Val Loss: 0.049154[0m
2025-12-25 19:35:05,423 | INFO     | New best model saved with Val Loss: 0.049154
2025-12-25 19:41:35,118 | INFO     | Epoch 49/250 - Train Loss: 0.076369, Val Loss: 0.074221[0m
2025-12-25 19:46:18,115 | INFO     | Epoch 137/250 - Train Loss: 0.038703, Val Loss: 0.050042[0m
2025-12-25 19:52:42,718 | INFO     | Epoch 50/250 - Train Loss: 0.076173, Val Loss: 0.071474[0m
2025-12-25 19:52:42,773 | INFO     | New best model saved with Val Loss: 0.071474
2025-12-25 19:57:30,957 | INFO     | Epoch 138/250 - Train Loss: 0.039134, Val Loss: 0.066618[0m
2025-12-25 20:03:50,726 | INFO     | Epoch 51/250 - Train Loss: 0.064160, Val Loss: 0.061755[0m
2025-12-25 20:03:50,782 | INFO     | New best model saved with Val Loss: 0.061755
2025-12-25 20:08:43,727 | INFO     | Epoch 139/250 - Train Loss: 0.042609, Val Loss: 0.052525[0m
2025-12-25 20:14:58,484 | INFO     | Epoch 52/250 - Train Loss: 0.063118, Val Loss: 0.062593[0m
2025-12-25 20:19:56,535 | INFO     | Epoch 140/250 - Train Loss: 0.039431, Val Loss: 0.050453[0m
2025-12-25 20:26:06,238 | INFO     | Epoch 53/250 - Train Loss: 0.063667, Val Loss: 0.061867[0m
2025-12-25 20:31:09,572 | INFO     | Epoch 141/250 - Train Loss: 0.038371, Val Loss: 0.055182[0m
2025-12-25 20:37:14,031 | INFO     | Epoch 54/250 - Train Loss: 0.062043, Val Loss: 0.061409[0m
2025-12-25 20:37:14,075 | INFO     | New best model saved with Val Loss: 0.061409
2025-12-25 20:42:22,490 | INFO     | Epoch 142/250 - Train Loss: 0.038375, Val Loss: 0.049924[0m
2025-12-25 20:48:21,838 | INFO     | Epoch 55/250 - Train Loss: 0.062679, Val Loss: 0.062083[0m
2025-12-25 20:53:35,474 | INFO     | Epoch 143/250 - Train Loss: 0.039701, Val Loss: 0.050663[0m
2025-12-25 20:59:29,619 | INFO     | Epoch 56/250 - Train Loss: 0.061953, Val Loss: 0.061480[0m
2025-12-25 21:04:48,371 | INFO     | Epoch 144/250 - Train Loss: 0.038959, Val Loss: 0.049462[0m
2025-12-25 21:10:37,505 | INFO     | Epoch 57/250 - Train Loss: 0.061531, Val Loss: 0.063246[0m
2025-12-25 21:16:01,005 | INFO     | Epoch 145/250 - Train Loss: 0.039083, Val Loss: 0.056196[0m
2025-12-25 21:21:45,162 | INFO     | Epoch 58/250 - Train Loss: 0.062053, Val Loss: 0.064269[0m
2025-12-25 21:27:14,436 | INFO     | Epoch 146/250 - Train Loss: 0.039704, Val Loss: 0.050446[0m
2025-12-25 21:32:52,917 | INFO     | Epoch 59/250 - Train Loss: 0.060490, Val Loss: 0.061480[0m
2025-12-25 21:38:28,114 | INFO     | Epoch 147/250 - Train Loss: 0.037915, Val Loss: 0.049153[0m
2025-12-25 21:38:28,168 | INFO     | New best model saved with Val Loss: 0.049153
2025-12-25 21:44:00,549 | INFO     | Epoch 60/250 - Train Loss: 0.060153, Val Loss: 0.060995[0m
2025-12-25 21:44:00,603 | INFO     | New best model saved with Val Loss: 0.060995
2025-12-25 21:49:41,620 | INFO     | Epoch 148/250 - Train Loss: 0.041356, Val Loss: 0.052438[0m
2025-12-25 21:55:08,453 | INFO     | Epoch 61/250 - Train Loss: 0.060232, Val Loss: 0.058849[0m
2025-12-25 21:55:08,491 | INFO     | New best model saved with Val Loss: 0.058849
2025-12-25 22:00:55,138 | INFO     | Epoch 149/250 - Train Loss: 0.038277, Val Loss: 0.049724[0m
2025-12-25 22:06:16,183 | INFO     | Epoch 62/250 - Train Loss: 0.059281, Val Loss: 0.060731[0m
2025-12-25 22:12:08,568 | INFO     | Epoch 150/250 - Train Loss: 0.037508, Val Loss: 0.050331[0m
2025-12-25 22:17:24,000 | INFO     | Epoch 63/250 - Train Loss: 0.058631, Val Loss: 0.062123[0m
2025-12-25 22:23:22,132 | INFO     | Epoch 151/250 - Train Loss: 0.034939, Val Loss: 0.050335[0m
2025-12-25 22:28:31,749 | INFO     | Epoch 64/250 - Train Loss: 0.058980, Val Loss: 0.059570[0m
2025-12-25 22:34:36,544 | INFO     | Epoch 152/250 - Train Loss: 0.034398, Val Loss: 0.049473[0m
2025-12-25 22:39:39,397 | INFO     | Epoch 65/250 - Train Loss: 0.058495, Val Loss: 0.061356[0m
2025-12-25 22:45:50,689 | INFO     | Epoch 153/250 - Train Loss: 0.034628, Val Loss: 0.049214[0m
2025-12-25 22:50:47,057 | INFO     | Epoch 66/250 - Train Loss: 0.057624, Val Loss: 0.058690[0m
2025-12-25 22:50:47,105 | INFO     | New best model saved with Val Loss: 0.058690
2025-12-25 22:57:04,279 | INFO     | Epoch 154/250 - Train Loss: 0.035361, Val Loss: 0.048983[0m
2025-12-25 22:57:04,336 | INFO     | New best model saved with Val Loss: 0.048983
2025-12-25 23:01:54,870 | INFO     | Epoch 67/250 - Train Loss: 0.057239, Val Loss: 0.058236[0m
2025-12-25 23:01:54,928 | INFO     | New best model saved with Val Loss: 0.058236
2025-12-25 23:08:17,948 | INFO     | Epoch 155/250 - Train Loss: 0.034152, Val Loss: 0.049778[0m
2025-12-25 23:13:02,710 | INFO     | Epoch 68/250 - Train Loss: 0.057125, Val Loss: 0.061510[0m
2025-12-25 23:19:31,493 | INFO     | Epoch 156/250 - Train Loss: 0.033967, Val Loss: 0.049011[0m
2025-12-25 23:24:10,398 | INFO     | Epoch 69/250 - Train Loss: 0.056875, Val Loss: 0.059927[0m
2025-12-25 23:30:45,087 | INFO     | Epoch 157/250 - Train Loss: 0.033808, Val Loss: 0.049536[0m
2025-12-25 23:35:18,007 | INFO     | Epoch 70/250 - Train Loss: 0.056163, Val Loss: 0.056201[0m
2025-12-25 23:35:18,060 | INFO     | New best model saved with Val Loss: 0.056201
2025-12-25 23:41:58,659 | INFO     | Epoch 158/250 - Train Loss: 0.035166, Val Loss: 0.051171[0m
2025-12-25 23:46:25,794 | INFO     | Epoch 71/250 - Train Loss: 0.056264, Val Loss: 0.056788[0m
2025-12-25 23:53:12,162 | INFO     | Epoch 159/250 - Train Loss: 0.033673, Val Loss: 0.049073[0m
2025-12-25 23:57:33,490 | INFO     | Epoch 72/250 - Train Loss: 0.055166, Val Loss: 0.057536[0m
2025-12-26 00:04:25,623 | INFO     | Epoch 160/250 - Train Loss: 0.033765, Val Loss: 0.048922[0m
2025-12-26 00:04:25,676 | INFO     | New best model saved with Val Loss: 0.048922
2025-12-26 00:08:41,256 | INFO     | Epoch 73/250 - Train Loss: 0.055348, Val Loss: 0.058293[0m
2025-12-26 00:15:39,286 | INFO     | Epoch 161/250 - Train Loss: 0.033721, Val Loss: 0.048948[0m
2025-12-26 00:19:48,894 | INFO     | Epoch 74/250 - Train Loss: 0.055045, Val Loss: 0.057567[0m
2025-12-26 00:26:52,932 | INFO     | Epoch 162/250 - Train Loss: 0.033259, Val Loss: 0.049334[0m
2025-12-26 00:30:56,695 | INFO     | Epoch 75/250 - Train Loss: 0.054619, Val Loss: 0.058901[0m
2025-12-26 00:38:06,503 | INFO     | Epoch 163/250 - Train Loss: 0.033378, Val Loss: 0.050517[0m
2025-12-26 00:42:04,255 | INFO     | Epoch 76/250 - Train Loss: 0.054861, Val Loss: 0.059274[0m
2025-12-26 00:49:20,000 | INFO     | Epoch 164/250 - Train Loss: 0.033358, Val Loss: 0.049224[0m
2025-12-26 00:53:12,079 | INFO     | Epoch 77/250 - Train Loss: 0.055071, Val Loss: 0.056873[0m
2025-12-26 01:00:33,627 | INFO     | Epoch 165/250 - Train Loss: 0.033184, Val Loss: 0.048992[0m
2025-12-26 01:04:19,741 | INFO     | Epoch 78/250 - Train Loss: 0.054281, Val Loss: 0.056357[0m
2025-12-26 01:11:47,176 | INFO     | Epoch 166/250 - Train Loss: 0.034628, Val Loss: 0.048592[0m
2025-12-26 01:11:47,230 | INFO     | New best model saved with Val Loss: 0.048592
2025-12-26 01:15:27,581 | INFO     | Epoch 79/250 - Train Loss: 0.053990, Val Loss: 0.055270[0m
2025-12-26 01:15:27,636 | INFO     | New best model saved with Val Loss: 0.055270
2025-12-26 01:23:00,895 | INFO     | Epoch 167/250 - Train Loss: 0.033266, Val Loss: 0.049111[0m
2025-12-26 01:26:35,272 | INFO     | Epoch 80/250 - Train Loss: 0.053194, Val Loss: 0.058961[0m
2025-12-26 01:34:14,500 | INFO     | Epoch 168/250 - Train Loss: 0.032871, Val Loss: 0.049231[0m
2025-12-26 01:37:43,134 | INFO     | Epoch 81/250 - Train Loss: 0.053337, Val Loss: 0.058281[0m
2025-12-26 01:45:27,930 | INFO     | Epoch 169/250 - Train Loss: 0.032846, Val Loss: 0.050462[0m
2025-12-26 01:48:50,850 | INFO     | Epoch 82/250 - Train Loss: 0.053785, Val Loss: 0.057475[0m
2025-12-26 01:56:41,401 | INFO     | Epoch 170/250 - Train Loss: 0.032970, Val Loss: 0.049302[0m
2025-12-26 01:59:58,422 | INFO     | Epoch 83/250 - Train Loss: 0.052092, Val Loss: 0.058403[0m
2025-12-26 02:07:55,068 | INFO     | Epoch 171/250 - Train Loss: 0.032744, Val Loss: 0.049467[0m
2025-12-26 02:11:06,267 | INFO     | Epoch 84/250 - Train Loss: 0.052004, Val Loss: 0.060187[0m
2025-12-26 02:19:08,572 | INFO     | Epoch 172/250 - Train Loss: 0.032452, Val Loss: 0.051625[0m
2025-12-26 02:22:13,912 | INFO     | Epoch 85/250 - Train Loss: 0.051879, Val Loss: 0.053236[0m
2025-12-26 02:22:13,962 | INFO     | New best model saved with Val Loss: 0.053236
2025-12-26 02:30:22,208 | INFO     | Epoch 173/250 - Train Loss: 0.032862, Val Loss: 0.050236[0m
2025-12-26 02:33:21,687 | INFO     | Epoch 86/250 - Train Loss: 0.052670, Val Loss: 0.055923[0m
2025-12-26 02:41:35,674 | INFO     | Epoch 174/250 - Train Loss: 0.032370, Val Loss: 0.050478[0m
2025-12-26 02:44:29,401 | INFO     | Epoch 87/250 - Train Loss: 0.051535, Val Loss: 0.056675[0m
2025-12-26 02:52:49,300 | INFO     | Epoch 175/250 - Train Loss: 0.032635, Val Loss: 0.049592[0m
2025-12-26 02:55:37,058 | INFO     | Epoch 88/250 - Train Loss: 0.051907, Val Loss: 0.054773[0m
2025-12-26 03:04:02,916 | INFO     | Epoch 176/250 - Train Loss: 0.032366, Val Loss: 0.049525[0m
2025-12-26 03:06:44,708 | INFO     | Epoch 89/250 - Train Loss: 0.051499, Val Loss: 0.055338[0m
2025-12-26 03:15:16,578 | INFO     | Epoch 177/250 - Train Loss: 0.032320, Val Loss: 0.049834[0m
2025-12-26 03:17:52,336 | INFO     | Epoch 90/250 - Train Loss: 0.051034, Val Loss: 0.055134[0m
2025-12-26 03:26:30,182 | INFO     | Epoch 178/250 - Train Loss: 0.032268, Val Loss: 0.048835[0m
2025-12-26 03:29:00,193 | INFO     | Epoch 91/250 - Train Loss: 0.050737, Val Loss: 0.056413[0m
2025-12-26 03:37:43,836 | INFO     | Epoch 179/250 - Train Loss: 0.032096, Val Loss: 0.049238[0m
2025-12-26 03:40:07,788 | INFO     | Epoch 92/250 - Train Loss: 0.050498, Val Loss: 0.052836[0m
2025-12-26 03:40:07,833 | INFO     | New best model saved with Val Loss: 0.052836
2025-12-26 03:48:57,267 | INFO     | Epoch 180/250 - Train Loss: 0.032077, Val Loss: 0.049233[0m
2025-12-26 03:51:15,470 | INFO     | Epoch 93/250 - Train Loss: 0.049781, Val Loss: 0.054040[0m
2025-12-26 04:00:10,972 | INFO     | Epoch 181/250 - Train Loss: 0.032171, Val Loss: 0.049078[0m
2025-12-26 04:02:23,151 | INFO     | Epoch 94/250 - Train Loss: 0.050543, Val Loss: 0.056635[0m
2025-12-26 04:11:24,636 | INFO     | Epoch 182/250 - Train Loss: 0.032106, Val Loss: 0.050317[0m
2025-12-26 04:13:30,893 | INFO     | Epoch 95/250 - Train Loss: 0.050516, Val Loss: 0.057381[0m
2025-12-26 04:22:38,252 | INFO     | Epoch 183/250 - Train Loss: 0.031940, Val Loss: 0.049775[0m
2025-12-26 04:24:38,601 | INFO     | Epoch 96/250 - Train Loss: 0.049783, Val Loss: 0.052714[0m
2025-12-26 04:24:38,657 | INFO     | New best model saved with Val Loss: 0.052714
2025-12-26 04:33:51,752 | INFO     | Epoch 184/250 - Train Loss: 0.031996, Val Loss: 0.050107[0m
2025-12-26 04:35:46,238 | INFO     | Epoch 97/250 - Train Loss: 0.049911, Val Loss: 0.054136[0m
2025-12-26 04:45:05,486 | INFO     | Epoch 185/250 - Train Loss: 0.031458, Val Loss: 0.049916[0m
2025-12-26 04:46:53,904 | INFO     | Epoch 98/250 - Train Loss: 0.049899, Val Loss: 0.052845[0m
2025-12-26 04:56:19,098 | INFO     | Epoch 186/250 - Train Loss: 0.031537, Val Loss: 0.049625[0m
2025-12-26 04:58:01,529 | INFO     | Epoch 99/250 - Train Loss: 0.049210, Val Loss: 0.055665[0m
2025-12-26 05:07:32,688 | INFO     | Epoch 187/250 - Train Loss: 0.032242, Val Loss: 0.049417[0m
2025-12-26 05:09:09,143 | INFO     | Epoch 100/250 - Train Loss: 0.048666, Val Loss: 0.053475[0m
2025-12-26 05:18:46,221 | INFO     | Epoch 188/250 - Train Loss: 0.031547, Val Loss: 0.049940[0m
2025-12-26 05:20:16,820 | INFO     | Epoch 101/250 - Train Loss: 0.043942, Val Loss: 0.048881[0m
2025-12-26 05:20:16,873 | INFO     | New best model saved with Val Loss: 0.048881
2025-12-26 05:29:59,886 | INFO     | Epoch 189/250 - Train Loss: 0.031427, Val Loss: 0.049416[0m
2025-12-26 05:31:24,487 | INFO     | Epoch 102/250 - Train Loss: 0.043451, Val Loss: 0.049600[0m
2025-12-26 05:41:13,340 | INFO     | Epoch 190/250 - Train Loss: 0.031293, Val Loss: 0.049247[0m
2025-12-26 05:42:32,149 | INFO     | Epoch 103/250 - Train Loss: 0.043408, Val Loss: 0.048509[0m
2025-12-26 05:42:32,201 | INFO     | New best model saved with Val Loss: 0.048509
2025-12-26 05:52:27,086 | INFO     | Epoch 191/250 - Train Loss: 0.030938, Val Loss: 0.049665[0m
2025-12-26 05:53:40,000 | INFO     | Epoch 104/250 - Train Loss: 0.043320, Val Loss: 0.049049[0m
2025-12-26 06:03:40,689 | INFO     | Epoch 192/250 - Train Loss: 0.032042, Val Loss: 0.050352[0m
2025-12-26 06:04:47,719 | INFO     | Epoch 105/250 - Train Loss: 0.043089, Val Loss: 0.050140[0m
2025-12-26 06:14:54,213 | INFO     | Epoch 193/250 - Train Loss: 0.031072, Val Loss: 0.049895[0m
2025-12-26 06:15:55,449 | INFO     | Epoch 106/250 - Train Loss: 0.043243, Val Loss: 0.049545[0m
2025-12-26 06:26:07,757 | INFO     | Epoch 194/250 - Train Loss: 0.030991, Val Loss: 0.049988[0m
2025-12-26 06:27:03,325 | INFO     | Epoch 107/250 - Train Loss: 0.042825, Val Loss: 0.049330[0m
2025-12-26 06:37:21,346 | INFO     | Epoch 195/250 - Train Loss: 0.032011, Val Loss: 0.049554[0m
2025-12-26 06:38:10,909 | INFO     | Epoch 108/250 - Train Loss: 0.043006, Val Loss: 0.049648[0m
2025-12-26 06:48:34,937 | INFO     | Epoch 196/250 - Train Loss: 0.031608, Val Loss: 0.050283[0m
2025-12-26 06:49:18,567 | INFO     | Epoch 109/250 - Train Loss: 0.042404, Val Loss: 0.049973[0m
2025-12-26 06:59:48,457 | INFO     | Epoch 197/250 - Train Loss: 0.030529, Val Loss: 0.050966[0m
2025-12-26 07:00:26,149 | INFO     | Epoch 110/250 - Train Loss: 0.042352, Val Loss: 0.050498[0m
2025-12-26 07:11:02,023 | INFO     | Epoch 198/250 - Train Loss: 0.031132, Val Loss: 0.050260[0m
2025-12-26 07:11:33,958 | INFO     | Epoch 111/250 - Train Loss: 0.042184, Val Loss: 0.049187[0m
2025-12-26 07:22:15,465 | INFO     | Epoch 199/250 - Train Loss: 0.030530, Val Loss: 0.049560[0m
2025-12-26 07:22:41,669 | INFO     | Epoch 112/250 - Train Loss: 0.041931, Val Loss: 0.049309[0m
2025-12-26 07:33:28,919 | INFO     | Epoch 200/250 - Train Loss: 0.030485, Val Loss: 0.050813[0m
2025-12-26 07:33:49,268 | INFO     | Epoch 113/250 - Train Loss: 0.041886, Val Loss: 0.050734[0m
2025-12-26 07:44:42,589 | INFO     | Epoch 201/250 - Train Loss: 0.029397, Val Loss: 0.048784[0m
2025-12-26 07:44:56,955 | INFO     | Epoch 114/250 - Train Loss: 0.042209, Val Loss: 0.048955[0m
2025-12-26 07:55:56,070 | INFO     | Epoch 202/250 - Train Loss: 0.028727, Val Loss: 0.049068[0m
2025-12-26 07:56:04,552 | INFO     | Epoch 115/250 - Train Loss: 0.041770, Val Loss: 0.049733[0m
2025-12-26 08:07:09,521 | INFO     | Epoch 203/250 - Train Loss: 0.028614, Val Loss: 0.049166[0m
2025-12-26 08:07:12,389 | INFO     | Epoch 116/250 - Train Loss: 0.041214, Val Loss: 0.049024[0m
2025-12-26 08:18:20,181 | INFO     | Epoch 117/250 - Train Loss: 0.041536, Val Loss: 0.051565[0m
2025-12-26 08:18:23,055 | INFO     | Epoch 204/250 - Train Loss: 0.028810, Val Loss: 0.048847[0m
2025-12-26 08:29:27,977 | INFO     | Epoch 118/250 - Train Loss: 0.041413, Val Loss: 0.051001[0m
2025-12-26 08:29:36,428 | INFO     | Epoch 205/250 - Train Loss: 0.028613, Val Loss: 0.049008[0m
2025-12-26 08:40:33,755 | INFO     | Epoch 119/250 - Train Loss: 0.041735, Val Loss: 0.051291[0m
2025-12-26 08:40:50,076 | INFO     | Epoch 206/250 - Train Loss: 0.028535, Val Loss: 0.049313[0m
2025-12-26 08:51:39,969 | INFO     | Epoch 120/250 - Train Loss: 0.041055, Val Loss: 0.050505[0m
2025-12-26 08:52:03,653 | INFO     | Epoch 207/250 - Train Loss: 0.028517, Val Loss: 0.049286[0m
2025-12-26 09:02:46,463 | INFO     | Epoch 121/250 - Train Loss: 0.040835, Val Loss: 0.051202[0m
2025-12-26 09:03:17,189 | INFO     | Epoch 208/250 - Train Loss: 0.028528, Val Loss: 0.051822[0m
2025-12-26 09:13:52,759 | INFO     | Epoch 122/250 - Train Loss: 0.041224, Val Loss: 0.049922[0m
2025-12-26 09:14:30,775 | INFO     | Epoch 209/250 - Train Loss: 0.028694, Val Loss: 0.050960[0m
2025-12-26 09:24:59,080 | INFO     | Epoch 123/250 - Train Loss: 0.040422, Val Loss: 0.049125[0m
2025-12-26 09:25:43,958 | INFO     | Epoch 210/250 - Train Loss: 0.028824, Val Loss: 0.049103[0m
2025-12-26 09:36:05,435 | INFO     | Epoch 124/250 - Train Loss: 0.040318, Val Loss: 0.050674[0m
2025-12-26 09:36:56,740 | INFO     | Epoch 211/250 - Train Loss: 0.028640, Val Loss: 0.049466[0m
2025-12-26 09:47:11,774 | INFO     | Epoch 125/250 - Train Loss: 0.040375, Val Loss: 0.048849[0m
2025-12-26 09:48:09,385 | INFO     | Epoch 212/250 - Train Loss: 0.028284, Val Loss: 0.049893[0m
2025-12-26 09:58:18,142 | INFO     | Epoch 126/250 - Train Loss: 0.039897, Val Loss: 0.050889[0m
2025-12-26 09:59:21,976 | INFO     | Epoch 213/250 - Train Loss: 0.028282, Val Loss: 0.049342[0m
2025-12-26 10:09:24,480 | INFO     | Epoch 127/250 - Train Loss: 0.040280, Val Loss: 0.048956[0m
2025-12-26 10:10:34,707 | INFO     | Epoch 214/250 - Train Loss: 0.028094, Val Loss: 0.049853[0m
2025-12-26 10:20:30,824 | INFO     | Epoch 128/250 - Train Loss: 0.039974, Val Loss: 0.049663[0m
2025-12-26 10:21:47,281 | INFO     | Epoch 215/250 - Train Loss: 0.028041, Val Loss: 0.049289[0m
2025-12-26 10:31:37,215 | INFO     | Epoch 129/250 - Train Loss: 0.040164, Val Loss: 0.049668[0m
2025-12-26 10:32:59,836 | INFO     | Epoch 216/250 - Train Loss: 0.028067, Val Loss: 0.049633[0m
2025-12-26 10:42:43,433 | INFO     | Epoch 130/250 - Train Loss: 0.040100, Val Loss: 0.051407[0m
2025-12-26 10:44:12,522 | INFO     | Epoch 217/250 - Train Loss: 0.028703, Val Loss: 0.049803[0m
2025-12-26 10:53:49,868 | INFO     | Epoch 131/250 - Train Loss: 0.040036, Val Loss: 0.051397[0m
2025-12-26 10:55:25,012 | INFO     | Epoch 218/250 - Train Loss: 0.028040, Val Loss: 0.049342[0m
2025-12-26 11:04:56,253 | INFO     | Epoch 132/250 - Train Loss: 0.039329, Val Loss: 0.050073[0m
2025-12-26 11:06:37,694 | INFO     | Epoch 219/250 - Train Loss: 0.027804, Val Loss: 0.049530[0m
2025-12-26 11:16:02,704 | INFO     | Epoch 133/250 - Train Loss: 0.038899, Val Loss: 0.050786[0m
2025-12-26 11:17:50,453 | INFO     | Epoch 220/250 - Train Loss: 0.027748, Val Loss: 0.049745[0m
2025-12-26 11:27:09,145 | INFO     | Epoch 134/250 - Train Loss: 0.038841, Val Loss: 0.049598[0m
2025-12-26 11:29:03,271 | INFO     | Epoch 221/250 - Train Loss: 0.027842, Val Loss: 0.049363[0m
2025-12-26 11:38:15,558 | INFO     | Epoch 135/250 - Train Loss: 0.038778, Val Loss: 0.050359[0m
2025-12-26 11:40:15,895 | INFO     | Epoch 222/250 - Train Loss: 0.027776, Val Loss: 0.050584[0m
2025-12-26 11:49:22,030 | INFO     | Epoch 136/250 - Train Loss: 0.038696, Val Loss: 0.048825[0m
2025-12-26 11:51:28,610 | INFO     | Epoch 223/250 - Train Loss: 0.027887, Val Loss: 0.049516[0m
2025-12-26 12:00:28,735 | INFO     | Epoch 137/250 - Train Loss: 0.038579, Val Loss: 0.049935[0m
2025-12-26 12:02:41,694 | INFO     | Epoch 224/250 - Train Loss: 0.027805, Val Loss: 0.049325[0m
2025-12-26 12:11:35,409 | INFO     | Epoch 138/250 - Train Loss: 0.038287, Val Loss: 0.049798[0m
2025-12-26 12:13:54,753 | INFO     | Epoch 225/250 - Train Loss: 0.027719, Val Loss: 0.050087[0m
2025-12-26 12:22:42,075 | INFO     | Epoch 139/250 - Train Loss: 0.039648, Val Loss: 0.050540[0m
2025-12-26 12:25:07,738 | INFO     | Epoch 226/250 - Train Loss: 0.027597, Val Loss: 0.049553[0m
2025-12-26 12:33:48,593 | INFO     | Epoch 140/250 - Train Loss: 0.039255, Val Loss: 0.049914[0m
2025-12-26 12:36:20,682 | INFO     | Epoch 227/250 - Train Loss: 0.027540, Val Loss: 0.049569[0m
2025-12-26 12:44:55,393 | INFO     | Epoch 141/250 - Train Loss: 0.037990, Val Loss: 0.053197[0m
2025-12-26 12:47:33,836 | INFO     | Epoch 228/250 - Train Loss: 0.027524, Val Loss: 0.049306[0m
2025-12-26 12:56:01,950 | INFO     | Epoch 142/250 - Train Loss: 0.038351, Val Loss: 0.049647[0m
2025-12-26 12:58:46,802 | INFO     | Epoch 229/250 - Train Loss: 0.027532, Val Loss: 0.050085[0m
2025-12-26 13:07:08,608 | INFO     | Epoch 143/250 - Train Loss: 0.038118, Val Loss: 0.051228[0m
2025-12-26 13:09:59,727 | INFO     | Epoch 230/250 - Train Loss: 0.027411, Val Loss: 0.049876[0m
2025-12-26 13:18:15,260 | INFO     | Epoch 144/250 - Train Loss: 0.038569, Val Loss: 0.049153[0m
2025-12-26 13:21:12,801 | INFO     | Epoch 231/250 - Train Loss: 0.027428, Val Loss: 0.049980[0m
2025-12-26 13:29:21,859 | INFO     | Epoch 145/250 - Train Loss: 0.037982, Val Loss: 0.049835[0m
2025-12-26 13:32:25,828 | INFO     | Epoch 232/250 - Train Loss: 0.027459, Val Loss: 0.049677[0m
2025-12-26 13:40:29,015 | INFO     | Epoch 146/250 - Train Loss: 0.037076, Val Loss: 0.049400[0m
2025-12-26 13:43:37,714 | INFO     | Epoch 233/250 - Train Loss: 0.027323, Val Loss: 0.051427[0m
2025-12-26 13:51:36,386 | INFO     | Epoch 147/250 - Train Loss: 0.037835, Val Loss: 0.049398[0m
2025-12-26 13:54:49,638 | INFO     | Epoch 234/250 - Train Loss: 0.027519, Val Loss: 0.049185[0m
2025-12-26 14:02:43,833 | INFO     | Epoch 148/250 - Train Loss: 0.039051, Val Loss: 0.051855[0m
2025-12-26 14:06:01,622 | INFO     | Epoch 235/250 - Train Loss: 0.027112, Val Loss: 0.049637[0m
2025-12-26 14:13:51,301 | INFO     | Epoch 149/250 - Train Loss: 0.039034, Val Loss: 0.049532[0m
2025-12-26 14:17:13,679 | INFO     | Epoch 236/250 - Train Loss: 0.027124, Val Loss: 0.049388[0m
2025-12-26 14:24:58,608 | INFO     | Epoch 150/250 - Train Loss: 0.038463, Val Loss: 0.049331[0m
2025-12-26 14:28:25,501 | INFO     | Epoch 237/250 - Train Loss: 0.027068, Val Loss: 0.050045[0m
2025-12-26 14:36:06,121 | INFO     | Epoch 151/250 - Train Loss: 0.034579, Val Loss: 0.048098[0m
2025-12-26 14:36:06,182 | INFO     | New best model saved with Val Loss: 0.048098
2025-12-26 14:39:37,429 | INFO     | Epoch 238/250 - Train Loss: 0.027551, Val Loss: 0.049519[0m
2025-12-26 14:47:14,935 | INFO     | Epoch 152/250 - Train Loss: 0.033822, Val Loss: 0.048181[0m
2025-12-26 14:50:49,363 | INFO     | Epoch 239/250 - Train Loss: 0.027036, Val Loss: 0.049664[0m
2025-12-26 14:58:24,324 | INFO     | Epoch 153/250 - Train Loss: 0.033707, Val Loss: 0.048552[0m
2025-12-26 15:02:01,188 | INFO     | Epoch 240/250 - Train Loss: 0.027575, Val Loss: 0.049935[0m
2025-12-26 15:09:33,819 | INFO     | Epoch 154/250 - Train Loss: 0.033487, Val Loss: 0.048577[0m
2025-12-26 15:13:13,267 | INFO     | Epoch 241/250 - Train Loss: 0.026970, Val Loss: 0.049860[0m
2025-12-26 15:20:43,310 | INFO     | Epoch 155/250 - Train Loss: 0.033444, Val Loss: 0.049408[0m
2025-12-26 15:24:25,273 | INFO     | Epoch 242/250 - Train Loss: 0.026729, Val Loss: 0.049902[0m
2025-12-26 15:31:52,616 | INFO     | Epoch 156/250 - Train Loss: 0.033950, Val Loss: 0.049219[0m
2025-12-26 15:35:36,731 | INFO     | Epoch 243/250 - Train Loss: 0.027035, Val Loss: 0.049509[0m
2025-12-26 15:43:01,792 | INFO     | Epoch 157/250 - Train Loss: 0.033654, Val Loss: 0.049834[0m
2025-12-26 15:46:48,160 | INFO     | Epoch 244/250 - Train Loss: 0.027205, Val Loss: 0.050194[0m
2025-12-26 15:54:10,952 | INFO     | Epoch 158/250 - Train Loss: 0.033293, Val Loss: 0.051087[0m
2025-12-26 15:57:59,671 | INFO     | Epoch 245/250 - Train Loss: 0.027025, Val Loss: 0.049931[0m
2025-12-26 16:05:20,156 | INFO     | Epoch 159/250 - Train Loss: 0.033029, Val Loss: 0.049068[0m
2025-12-26 16:09:11,213 | INFO     | Epoch 246/250 - Train Loss: 0.027017, Val Loss: 0.049589[0m
2025-12-26 16:16:29,526 | INFO     | Epoch 160/250 - Train Loss: 0.033251, Val Loss: 0.049200[0m
2025-12-26 16:20:23,234 | INFO     | Epoch 247/250 - Train Loss: 0.026712, Val Loss: 0.049921[0m
2025-12-26 16:27:39,136 | INFO     | Epoch 161/250 - Train Loss: 0.032885, Val Loss: 0.049044[0m
2025-12-26 16:31:35,290 | INFO     | Epoch 248/250 - Train Loss: 0.026860, Val Loss: 0.049709[0m
2025-12-26 16:38:48,702 | INFO     | Epoch 162/250 - Train Loss: 0.032717, Val Loss: 0.049273[0m
2025-12-26 16:42:47,306 | INFO     | Epoch 249/250 - Train Loss: 0.026630, Val Loss: 0.049642[0m
2025-12-26 16:49:58,229 | INFO     | Epoch 163/250 - Train Loss: 0.032509, Val Loss: 0.050158[0m
2025-12-26 16:50:09,591 | INFO     | Epoch 250/250 - Train Loss: 0.026686, Val Loss: 0.050323[0m
2025-12-26 16:50:09,724 | INFO     | Final model saved to experiments_DrivAerNet++/WW_spressure_N10k_lr1e-3_e250_run1/final_model.pth
2025-12-26 16:50:09,724 | INFO     | Testing the final model
2025-12-26 16:50:19,946 | INFO     | *******************[35mL2_erro:[0m
2025-12-26 16:50:19,946 | INFO     |  0.170977
2025-12-26 16:50:19,946 | INFO     | *******************[35mmse_loss:[0m
2025-12-26 16:50:19,946 | INFO     |  0.053247
2025-12-26 16:50:19,946 | INFO     | *******************[35minference_time:[0m
2025-12-26 16:50:19,946 | INFO     |  0.000000
2025-12-26 16:50:19,947 | INFO     | Testing the best model
2025-12-26 16:50:30,148 | INFO     | *******************[35mL2_erro:[0m
2025-12-26 16:50:30,148 | INFO     |  0.169263
2025-12-26 16:50:30,149 | INFO     | *******************[35mmse_loss:[0m
2025-12-26 16:50:30,149 | INFO     |  0.051990
2025-12-26 16:50:30,149 | INFO     | *******************[35minference_time:[0m
2025-12-26 16:50:30,149 | INFO     |  0.000000
2025-12-26 17:01:07,764 | INFO     | Epoch 164/250 - Train Loss: 0.032435, Val Loss: 0.048728[0m
2025-12-26 17:12:17,324 | INFO     | Epoch 165/250 - Train Loss: 0.032618, Val Loss: 0.048690[0m
2025-12-26 17:23:26,930 | INFO     | Epoch 166/250 - Train Loss: 0.032778, Val Loss: 0.048404[0m
2025-12-26 17:34:36,517 | INFO     | Epoch 167/250 - Train Loss: 0.032327, Val Loss: 0.049336[0m
2025-12-26 17:45:46,140 | INFO     | Epoch 168/250 - Train Loss: 0.031996, Val Loss: 0.049842[0m
2025-12-26 17:56:55,699 | INFO     | Epoch 169/250 - Train Loss: 0.031902, Val Loss: 0.049382[0m
2025-12-26 18:08:05,157 | INFO     | Epoch 170/250 - Train Loss: 0.031744, Val Loss: 0.048465[0m
2025-12-26 18:19:14,864 | INFO     | Epoch 171/250 - Train Loss: 0.031686, Val Loss: 0.049844[0m
2025-12-26 18:30:24,467 | INFO     | Epoch 172/250 - Train Loss: 0.031914, Val Loss: 0.050617[0m
2025-12-26 18:41:34,088 | INFO     | Epoch 173/250 - Train Loss: 0.032354, Val Loss: 0.049355[0m
2025-12-26 18:52:43,651 | INFO     | Epoch 174/250 - Train Loss: 0.031464, Val Loss: 0.049332[0m
2025-12-26 19:03:53,242 | INFO     | Epoch 175/250 - Train Loss: 0.031276, Val Loss: 0.049888[0m
2025-12-26 19:15:02,759 | INFO     | Epoch 176/250 - Train Loss: 0.031411, Val Loss: 0.050189[0m
2025-12-26 19:26:12,312 | INFO     | Epoch 177/250 - Train Loss: 0.031534, Val Loss: 0.049274[0m
2025-12-26 19:37:21,954 | INFO     | Epoch 178/250 - Train Loss: 0.031330, Val Loss: 0.049164[0m
2025-12-26 19:48:31,558 | INFO     | Epoch 179/250 - Train Loss: 0.032155, Val Loss: 0.049533[0m
2025-12-26 19:59:41,019 | INFO     | Epoch 180/250 - Train Loss: 0.031555, Val Loss: 0.049323[0m
2025-12-26 20:10:50,759 | INFO     | Epoch 181/250 - Train Loss: 0.031010, Val Loss: 0.048992[0m
2025-12-26 20:22:00,362 | INFO     | Epoch 182/250 - Train Loss: 0.030896, Val Loss: 0.049671[0m
2025-12-26 20:33:09,924 | INFO     | Epoch 183/250 - Train Loss: 0.031402, Val Loss: 0.050102[0m
2025-12-26 20:44:19,439 | INFO     | Epoch 184/250 - Train Loss: 0.030817, Val Loss: 0.049118[0m
2025-12-26 20:55:29,007 | INFO     | Epoch 185/250 - Train Loss: 0.030884, Val Loss: 0.051875[0m
2025-12-26 21:06:38,614 | INFO     | Epoch 186/250 - Train Loss: 0.032139, Val Loss: 0.049297[0m
2025-12-26 21:17:48,183 | INFO     | Epoch 187/250 - Train Loss: 0.030580, Val Loss: 0.048524[0m
2025-12-26 21:28:57,786 | INFO     | Epoch 188/250 - Train Loss: 0.030629, Val Loss: 0.049506[0m
2025-12-26 21:40:07,395 | INFO     | Epoch 189/250 - Train Loss: 0.032400, Val Loss: 0.049475[0m
2025-12-26 21:51:16,904 | INFO     | Epoch 190/250 - Train Loss: 0.030644, Val Loss: 0.049345[0m
2025-12-26 22:02:26,569 | INFO     | Epoch 191/250 - Train Loss: 0.030061, Val Loss: 0.049260[0m
2025-12-26 22:13:36,138 | INFO     | Epoch 192/250 - Train Loss: 0.030302, Val Loss: 0.048992[0m
2025-12-26 22:24:45,746 | INFO     | Epoch 193/250 - Train Loss: 0.030309, Val Loss: 0.048759[0m
2025-12-26 22:35:55,003 | INFO     | Epoch 194/250 - Train Loss: 0.030233, Val Loss: 0.049243[0m
2025-12-26 22:47:04,597 | INFO     | Epoch 195/250 - Train Loss: 0.030539, Val Loss: 0.049434[0m
2025-12-26 22:58:14,206 | INFO     | Epoch 196/250 - Train Loss: 0.029798, Val Loss: 0.049336[0m
2025-12-26 23:09:23,831 | INFO     | Epoch 197/250 - Train Loss: 0.029660, Val Loss: 0.050515[0m
2025-12-26 23:20:33,407 | INFO     | Epoch 198/250 - Train Loss: 0.030026, Val Loss: 0.049853[0m
2025-12-26 23:31:42,977 | INFO     | Epoch 199/250 - Train Loss: 0.030420, Val Loss: 0.049457[0m
2025-12-26 23:42:52,134 | INFO     | Epoch 200/250 - Train Loss: 0.029668, Val Loss: 0.050434[0m
2025-12-26 23:54:01,358 | INFO     | Epoch 201/250 - Train Loss: 0.028400, Val Loss: 0.048563[0m
2025-12-27 00:05:10,494 | INFO     | Epoch 202/250 - Train Loss: 0.027946, Val Loss: 0.048895[0m
2025-12-27 00:16:19,661 | INFO     | Epoch 203/250 - Train Loss: 0.028015, Val Loss: 0.049168[0m
2025-12-27 00:27:28,778 | INFO     | Epoch 204/250 - Train Loss: 0.027962, Val Loss: 0.049209[0m
2025-12-27 00:38:37,844 | INFO     | Epoch 205/250 - Train Loss: 0.027881, Val Loss: 0.049032[0m
2025-12-27 00:49:46,995 | INFO     | Epoch 206/250 - Train Loss: 0.027853, Val Loss: 0.049325[0m
2025-12-27 01:00:55,912 | INFO     | Epoch 207/250 - Train Loss: 0.027811, Val Loss: 0.049526[0m
2025-12-27 01:12:04,994 | INFO     | Epoch 208/250 - Train Loss: 0.027952, Val Loss: 0.049170[0m
2025-12-27 01:23:14,093 | INFO     | Epoch 209/250 - Train Loss: 0.027802, Val Loss: 0.049660[0m
2025-12-27 01:34:23,124 | INFO     | Epoch 210/250 - Train Loss: 0.028042, Val Loss: 0.049313[0m
2025-12-27 01:45:32,343 | INFO     | Epoch 211/250 - Train Loss: 0.027678, Val Loss: 0.049103[0m
2025-12-27 01:56:41,514 | INFO     | Epoch 212/250 - Train Loss: 0.027645, Val Loss: 0.049421[0m
2025-12-27 02:07:50,603 | INFO     | Epoch 213/250 - Train Loss: 0.027476, Val Loss: 0.049036[0m
2025-12-27 02:18:59,682 | INFO     | Epoch 214/250 - Train Loss: 0.027494, Val Loss: 0.049917[0m
2025-12-27 02:30:08,779 | INFO     | Epoch 215/250 - Train Loss: 0.027820, Val Loss: 0.049600[0m
2025-12-27 02:41:17,965 | INFO     | Epoch 216/250 - Train Loss: 0.027391, Val Loss: 0.049773[0m
2025-12-27 02:52:27,102 | INFO     | Epoch 217/250 - Train Loss: 0.027374, Val Loss: 0.049188[0m
2025-12-27 03:03:36,247 | INFO     | Epoch 218/250 - Train Loss: 0.027345, Val Loss: 0.049001[0m
2025-12-27 03:14:45,255 | INFO     | Epoch 219/250 - Train Loss: 0.027248, Val Loss: 0.049534[0m
2025-12-27 03:25:54,351 | INFO     | Epoch 220/250 - Train Loss: 0.027117, Val Loss: 0.049407[0m
2025-12-27 03:37:03,722 | INFO     | Epoch 221/250 - Train Loss: 0.027237, Val Loss: 0.049578[0m
2025-12-27 03:48:12,943 | INFO     | Epoch 222/250 - Train Loss: 0.027313, Val Loss: 0.049736[0m
2025-12-27 03:59:22,220 | INFO     | Epoch 223/250 - Train Loss: 0.027205, Val Loss: 0.049718[0m
2025-12-27 04:10:31,504 | INFO     | Epoch 224/250 - Train Loss: 0.026879, Val Loss: 0.049448[0m
2025-12-27 04:21:40,743 | INFO     | Epoch 225/250 - Train Loss: 0.027030, Val Loss: 0.049267[0m
2025-12-27 04:32:50,033 | INFO     | Epoch 226/250 - Train Loss: 0.027052, Val Loss: 0.049254[0m
2025-12-27 04:43:59,281 | INFO     | Epoch 227/250 - Train Loss: 0.027091, Val Loss: 0.049977[0m
2025-12-27 04:55:08,584 | INFO     | Epoch 228/250 - Train Loss: 0.027077, Val Loss: 0.049607[0m
2025-12-27 05:06:17,908 | INFO     | Epoch 229/250 - Train Loss: 0.026840, Val Loss: 0.050125[0m
2025-12-27 05:17:27,084 | INFO     | Epoch 230/250 - Train Loss: 0.026791, Val Loss: 0.049657[0m
2025-12-27 05:28:36,497 | INFO     | Epoch 231/250 - Train Loss: 0.026848, Val Loss: 0.049862[0m
2025-12-27 05:39:45,608 | INFO     | Epoch 232/250 - Train Loss: 0.026866, Val Loss: 0.049751[0m
2025-12-27 05:50:54,941 | INFO     | Epoch 233/250 - Train Loss: 0.026678, Val Loss: 0.050675[0m
2025-12-27 06:02:04,278 | INFO     | Epoch 234/250 - Train Loss: 0.026675, Val Loss: 0.049926[0m
2025-12-27 06:13:13,579 | INFO     | Epoch 235/250 - Train Loss: 0.026628, Val Loss: 0.049536[0m
2025-12-27 06:24:22,845 | INFO     | Epoch 236/250 - Train Loss: 0.026535, Val Loss: 0.049719[0m
2025-12-27 06:35:32,076 | INFO     | Epoch 237/250 - Train Loss: 0.026542, Val Loss: 0.050000[0m
2025-12-27 06:46:41,338 | INFO     | Epoch 238/250 - Train Loss: 0.026492, Val Loss: 0.050077[0m
2025-12-27 06:57:50,612 | INFO     | Epoch 239/250 - Train Loss: 0.027048, Val Loss: 0.049443[0m
2025-12-27 07:08:59,761 | INFO     | Epoch 240/250 - Train Loss: 0.026483, Val Loss: 0.050139[0m
2025-12-27 07:20:09,205 | INFO     | Epoch 241/250 - Train Loss: 0.026507, Val Loss: 0.049634[0m
2025-12-27 07:31:18,497 | INFO     | Epoch 242/250 - Train Loss: 0.026597, Val Loss: 0.049593[0m
2025-12-27 07:42:27,754 | INFO     | Epoch 243/250 - Train Loss: 0.026388, Val Loss: 0.049734[0m
2025-12-27 07:53:37,027 | INFO     | Epoch 244/250 - Train Loss: 0.026625, Val Loss: 0.049540[0m
2025-12-27 08:04:46,347 | INFO     | Epoch 245/250 - Train Loss: 0.026285, Val Loss: 0.049728[0m
2025-12-27 08:15:55,654 | INFO     | Epoch 246/250 - Train Loss: 0.026522, Val Loss: 0.049653[0m
2025-12-27 08:27:04,933 | INFO     | Epoch 247/250 - Train Loss: 0.025927, Val Loss: 0.049950[0m
2025-12-27 08:38:14,164 | INFO     | Epoch 248/250 - Train Loss: 0.025967, Val Loss: 0.049644[0m
2025-12-27 08:49:23,425 | INFO     | Epoch 249/250 - Train Loss: 0.026292, Val Loss: 0.050140[0m
2025-12-27 08:59:19,924 | INFO     | Epoch 250/250 - Train Loss: 0.026055, Val Loss: 0.049884[0m
2025-12-27 08:59:20,077 | INFO     | Final model saved to experiments_DrivAerNet++/WW_spressure_N10k_lr1e-3_e250_run1/final_model.pth
2025-12-27 08:59:20,078 | INFO     | Testing the final model
2025-12-27 08:59:31,788 | INFO     | *******************[35mL2_erro:[0m
2025-12-27 08:59:31,788 | INFO     |  0.171650
2025-12-27 08:59:31,788 | INFO     | *******************[35mmse_loss:[0m
2025-12-27 08:59:31,788 | INFO     |  0.053554
2025-12-27 08:59:31,788 | INFO     | *******************[35minference_time:[0m
2025-12-27 08:59:31,788 | INFO     |  0.000000
2025-12-27 08:59:31,788 | INFO     | Testing the best model
2025-12-27 08:59:41,954 | INFO     | *******************[35mL2_erro:[0m
2025-12-27 08:59:41,954 | INFO     |  0.169263
2025-12-27 08:59:41,954 | INFO     | *******************[35mmse_loss:[0m
2025-12-27 08:59:41,955 | INFO     |  0.051990
2025-12-27 08:59:41,955 | INFO     | *******************[35minference_time:[0m
2025-12-27 08:59:41,955 | INFO     |  0.000000
2025-12-28 14:40:00,276 | INFO     | Config:
exp_name: WW_spressure_N10k_lr1e-3_e250_run1
model:
  input_dim: 3
  output_dim: 1
  head_num: 8
  hidden_dim: 256
  res: true
  slice_num: 32
  layer_num: 5
  mlp_ratio: 1.5
  dropout: 0.1
training:
  input: x_pres
  target: y_pres
  x_mean:
  - 1.5160021
  - -5.4310558e-06
  - 0.58746094
  x_std:
  - 1.415669
  - 0.65769494
  - 0.38634354
  y_mean: -95.576584
  y_std: 123.44368
  batch_size: 1
  epochs: 250
  lr: 0.001
  scheduler_step: 50
  scheduler_gamma: 0.5
  max_grad_norm: 0.1
  num_workers: 1
  weight_decay: 0.0
  test_only: 0
  gpus: '0'
  seed: 42
dataload:
  directory: /mnt/wjc_group/mae-zhangbj/DrivAerNet++_dataset/E_S_WW_WM

2025-12-28 14:40:00,276 | INFO     | args.exp_name : WW_spressure_N10k_lr1e-3_e250_run1
2025-12-28 14:40:00,276 | INFO     | Starting training with 1 GPUs
2025-12-28 14:40:01,393 | INFO     | Total trainable parameters: 3381321
2025-12-28 14:40:01,394 | INFO     | Data loaded: 464 training batches, 118 validation batches, 110 test batches
2025-12-28 14:40:01,394 | INFO     | Staring training for 250 epochs
2025-12-28 14:43:14,919 | INFO     | Epoch 1/250 - Train Loss: 0.957064, Val Loss: 0.638952[0m
2025-12-28 14:43:14,972 | INFO     | New best model saved with Val Loss: 0.638952
2025-12-28 14:43:41,201 | INFO     | Config:
exp_name: WW_spressure_N10k_lr1e-3_e250_run1
model:
  input_dim: 3
  output_dim: 1
  head_num: 8
  hidden_dim: 256
  res: true
  slice_num: 32
  layer_num: 5
  mlp_ratio: 1.5
  dropout: 0.1
training:
  input: x_pres
  target: y_pres
  x_mean:
  - 1.5160021
  - -5.4310558e-06
  - 0.58746094
  x_std:
  - 1.415669
  - 0.65769494
  - 0.38634354
  y_mean: -95.576584
  y_std: 123.44368
  batch_size: 1
  epochs: 250
  lr: 0.001
  scheduler_step: 50
  scheduler_gamma: 0.5
  max_grad_norm: 0.1
  num_workers: 1
  weight_decay: 0.0
  test_only: 0
  gpus: '0'
  seed: 42
dataload:
  directory: /mnt/wjc_group/mae-zhangbj/DrivAerNet++_dataset/E_S_WW_WM

2025-12-28 14:43:41,201 | INFO     | args.exp_name : WW_spressure_N10k_lr1e-3_e250_run1
2025-12-28 14:43:41,201 | INFO     | Starting training with 1 GPUs
2025-12-28 14:43:42,353 | INFO     | Total trainable parameters: 3381321
2025-12-28 14:43:42,353 | INFO     | Data loaded: 464 training batches, 118 validation batches, 110 test batches
2025-12-28 14:43:42,354 | INFO     | Staring training for 250 epochs
2025-12-28 14:46:27,813 | INFO     | Epoch 2/250 - Train Loss: 0.507505, Val Loss: 0.456438[0m
2025-12-28 14:46:27,865 | INFO     | New best model saved with Val Loss: 0.456438
2025-12-28 14:49:40,676 | INFO     | Epoch 3/250 - Train Loss: 0.431896, Val Loss: 0.449098[0m
2025-12-28 14:49:40,728 | INFO     | New best model saved with Val Loss: 0.449098
2025-12-28 14:52:53,582 | INFO     | Epoch 4/250 - Train Loss: 0.378907, Val Loss: 0.359185[0m
2025-12-28 14:52:53,638 | INFO     | New best model saved with Val Loss: 0.359185
2025-12-28 14:56:06,415 | INFO     | Epoch 5/250 - Train Loss: 0.324227, Val Loss: 0.287401[0m
2025-12-28 14:56:06,462 | INFO     | New best model saved with Val Loss: 0.287401
2025-12-28 14:59:19,264 | INFO     | Epoch 6/250 - Train Loss: 0.286420, Val Loss: 0.303271[0m
2025-12-28 15:02:32,050 | INFO     | Epoch 7/250 - Train Loss: 0.262825, Val Loss: 0.264980[0m
2025-12-28 15:02:32,105 | INFO     | New best model saved with Val Loss: 0.264980
2025-12-28 15:05:44,921 | INFO     | Epoch 8/250 - Train Loss: 0.245462, Val Loss: 0.247185[0m
2025-12-28 15:05:44,968 | INFO     | New best model saved with Val Loss: 0.247185
2025-12-28 15:08:57,803 | INFO     | Epoch 9/250 - Train Loss: 0.231636, Val Loss: 0.225798[0m
2025-12-28 15:08:57,853 | INFO     | New best model saved with Val Loss: 0.225798
2025-12-28 15:12:10,692 | INFO     | Epoch 10/250 - Train Loss: 0.224837, Val Loss: 0.238162[0m
2025-12-28 15:15:23,623 | INFO     | Epoch 11/250 - Train Loss: 0.221548, Val Loss: 0.211819[0m
2025-12-28 15:15:23,677 | INFO     | New best model saved with Val Loss: 0.211819
2025-12-28 15:18:36,490 | INFO     | Epoch 12/250 - Train Loss: 0.213624, Val Loss: 0.214903[0m
2025-12-28 15:21:49,326 | INFO     | Epoch 13/250 - Train Loss: 0.210072, Val Loss: 0.196274[0m
2025-12-28 15:21:49,379 | INFO     | New best model saved with Val Loss: 0.196274
2025-12-28 15:25:02,225 | INFO     | Epoch 14/250 - Train Loss: 0.200005, Val Loss: 0.211562[0m
2025-12-28 15:28:15,073 | INFO     | Epoch 15/250 - Train Loss: 0.192826, Val Loss: 0.185077[0m
2025-12-28 15:28:15,122 | INFO     | New best model saved with Val Loss: 0.185077
2025-12-28 15:31:27,968 | INFO     | Epoch 16/250 - Train Loss: 0.185814, Val Loss: 0.196171[0m
2025-12-28 15:34:40,819 | INFO     | Epoch 17/250 - Train Loss: 0.179885, Val Loss: 0.172029[0m
2025-12-28 15:34:40,875 | INFO     | New best model saved with Val Loss: 0.172029
2025-12-28 15:37:53,712 | INFO     | Epoch 18/250 - Train Loss: 0.171186, Val Loss: 0.162448[0m
2025-12-28 15:37:53,760 | INFO     | New best model saved with Val Loss: 0.162448
2025-12-28 15:41:06,570 | INFO     | Epoch 19/250 - Train Loss: 0.161793, Val Loss: 0.149885[0m
2025-12-28 15:41:06,620 | INFO     | New best model saved with Val Loss: 0.149885
2025-12-28 15:44:19,457 | INFO     | Epoch 20/250 - Train Loss: 0.154927, Val Loss: 0.141468[0m
2025-12-28 15:44:19,512 | INFO     | New best model saved with Val Loss: 0.141468
2025-12-28 15:47:32,429 | INFO     | Epoch 21/250 - Train Loss: 0.144871, Val Loss: 0.135085[0m
2025-12-28 15:47:32,473 | INFO     | New best model saved with Val Loss: 0.135085
2025-12-28 15:50:45,315 | INFO     | Epoch 22/250 - Train Loss: 0.138179, Val Loss: 0.138306[0m
2025-12-28 15:53:58,154 | INFO     | Epoch 23/250 - Train Loss: 0.132444, Val Loss: 0.126692[0m
2025-12-28 15:53:58,203 | INFO     | New best model saved with Val Loss: 0.126692
2025-12-28 15:57:11,035 | INFO     | Epoch 24/250 - Train Loss: 0.125425, Val Loss: 0.125486[0m
2025-12-28 15:57:11,082 | INFO     | New best model saved with Val Loss: 0.125486
2025-12-28 16:00:23,931 | INFO     | Epoch 25/250 - Train Loss: 0.123076, Val Loss: 0.119051[0m
2025-12-28 16:00:23,977 | INFO     | New best model saved with Val Loss: 0.119051
2025-12-28 16:03:36,790 | INFO     | Epoch 26/250 - Train Loss: 0.119330, Val Loss: 0.115934[0m
2025-12-28 16:03:36,841 | INFO     | New best model saved with Val Loss: 0.115934
2025-12-28 16:06:49,669 | INFO     | Epoch 27/250 - Train Loss: 0.116835, Val Loss: 0.110102[0m
2025-12-28 16:06:49,716 | INFO     | New best model saved with Val Loss: 0.110102
2025-12-28 16:10:02,508 | INFO     | Epoch 28/250 - Train Loss: 0.113198, Val Loss: 0.105794[0m
2025-12-28 16:10:02,571 | INFO     | New best model saved with Val Loss: 0.105794
2025-12-28 16:13:15,404 | INFO     | Epoch 29/250 - Train Loss: 0.108777, Val Loss: 0.105065[0m
2025-12-28 16:13:15,457 | INFO     | New best model saved with Val Loss: 0.105065
2025-12-28 16:16:28,352 | INFO     | Epoch 30/250 - Train Loss: 0.104464, Val Loss: 0.106980[0m
2025-12-28 16:19:41,294 | INFO     | Epoch 31/250 - Train Loss: 0.103666, Val Loss: 0.105250[0m
2025-12-28 16:22:54,103 | INFO     | Epoch 32/250 - Train Loss: 0.101253, Val Loss: 0.098154[0m
2025-12-28 16:22:54,155 | INFO     | New best model saved with Val Loss: 0.098154
2025-12-28 16:26:06,990 | INFO     | Epoch 33/250 - Train Loss: 0.097384, Val Loss: 0.093822[0m
2025-12-28 16:26:07,031 | INFO     | New best model saved with Val Loss: 0.093822
2025-12-28 16:29:19,872 | INFO     | Epoch 34/250 - Train Loss: 0.096691, Val Loss: 0.095504[0m
2025-12-28 16:32:32,676 | INFO     | Epoch 35/250 - Train Loss: 0.094677, Val Loss: 0.090223[0m
2025-12-28 16:32:32,730 | INFO     | New best model saved with Val Loss: 0.090223
2025-12-28 16:35:45,563 | INFO     | Epoch 36/250 - Train Loss: 0.091524, Val Loss: 0.092178[0m
2025-12-28 16:38:58,390 | INFO     | Epoch 37/250 - Train Loss: 0.089931, Val Loss: 0.089842[0m
2025-12-28 16:38:58,443 | INFO     | New best model saved with Val Loss: 0.089842
2025-12-28 16:42:11,276 | INFO     | Epoch 38/250 - Train Loss: 0.089570, Val Loss: 0.089957[0m
2025-12-28 16:45:24,101 | INFO     | Epoch 39/250 - Train Loss: 0.087443, Val Loss: 0.083435[0m
2025-12-28 16:45:24,144 | INFO     | New best model saved with Val Loss: 0.083435
2025-12-28 16:48:36,968 | INFO     | Epoch 40/250 - Train Loss: 0.084872, Val Loss: 0.082527[0m
2025-12-28 16:48:37,022 | INFO     | New best model saved with Val Loss: 0.082527
2025-12-28 16:51:49,945 | INFO     | Epoch 41/250 - Train Loss: 0.084189, Val Loss: 0.087685[0m
2025-12-28 16:55:02,774 | INFO     | Epoch 42/250 - Train Loss: 0.082409, Val Loss: 0.081939[0m
2025-12-28 16:55:02,816 | INFO     | New best model saved with Val Loss: 0.081939
2025-12-28 16:58:15,650 | INFO     | Epoch 43/250 - Train Loss: 0.080899, Val Loss: 0.079558[0m
2025-12-28 16:58:15,703 | INFO     | New best model saved with Val Loss: 0.079558
2025-12-28 17:01:28,534 | INFO     | Epoch 44/250 - Train Loss: 0.080485, Val Loss: 0.082147[0m
2025-12-28 17:04:41,336 | INFO     | Epoch 45/250 - Train Loss: 0.079222, Val Loss: 0.079304[0m
2025-12-28 17:04:41,386 | INFO     | New best model saved with Val Loss: 0.079304
2025-12-28 17:07:54,230 | INFO     | Epoch 46/250 - Train Loss: 0.078560, Val Loss: 0.074159[0m
2025-12-28 17:07:54,284 | INFO     | New best model saved with Val Loss: 0.074159
2025-12-28 17:11:07,129 | INFO     | Epoch 47/250 - Train Loss: 0.077175, Val Loss: 0.075516[0m
2025-12-28 17:14:19,970 | INFO     | Epoch 48/250 - Train Loss: 0.076926, Val Loss: 0.074771[0m
2025-12-28 17:17:32,783 | INFO     | Epoch 49/250 - Train Loss: 0.075895, Val Loss: 0.069807[0m
2025-12-28 17:17:32,836 | INFO     | New best model saved with Val Loss: 0.069807
2025-12-28 17:20:45,695 | INFO     | Epoch 50/250 - Train Loss: 0.074845, Val Loss: 0.072313[0m
2025-12-28 17:23:58,632 | INFO     | Epoch 51/250 - Train Loss: 0.064389, Val Loss: 0.063065[0m
2025-12-28 17:23:58,682 | INFO     | New best model saved with Val Loss: 0.063065
2025-12-28 17:27:11,514 | INFO     | Epoch 52/250 - Train Loss: 0.063044, Val Loss: 0.062596[0m
2025-12-28 17:27:11,566 | INFO     | New best model saved with Val Loss: 0.062596
2025-12-28 17:30:24,398 | INFO     | Epoch 53/250 - Train Loss: 0.063203, Val Loss: 0.062111[0m
2025-12-28 17:30:24,450 | INFO     | New best model saved with Val Loss: 0.062111
2025-12-28 17:33:37,264 | INFO     | Epoch 54/250 - Train Loss: 0.062828, Val Loss: 0.062136[0m
2025-12-28 17:36:50,017 | INFO     | Epoch 55/250 - Train Loss: 0.062223, Val Loss: 0.060484[0m
2025-12-28 17:36:50,068 | INFO     | New best model saved with Val Loss: 0.060484
2025-12-28 17:40:02,840 | INFO     | Epoch 56/250 - Train Loss: 0.061128, Val Loss: 0.060100[0m
2025-12-28 17:40:02,887 | INFO     | New best model saved with Val Loss: 0.060100
2025-12-28 17:43:15,623 | INFO     | Epoch 57/250 - Train Loss: 0.061832, Val Loss: 0.059523[0m
2025-12-28 17:43:15,682 | INFO     | New best model saved with Val Loss: 0.059523
2025-12-28 17:46:28,476 | INFO     | Epoch 58/250 - Train Loss: 0.060945, Val Loss: 0.063053[0m
2025-12-28 17:49:41,231 | INFO     | Epoch 59/250 - Train Loss: 0.059937, Val Loss: 0.068178[0m
2025-12-28 17:52:53,979 | INFO     | Epoch 60/250 - Train Loss: 0.060093, Val Loss: 0.064001[0m
2025-12-28 17:56:06,834 | INFO     | Epoch 61/250 - Train Loss: 0.059854, Val Loss: 0.063913[0m
2025-12-28 17:59:19,602 | INFO     | Epoch 62/250 - Train Loss: 0.058777, Val Loss: 0.066303[0m
2025-12-28 18:02:32,372 | INFO     | Epoch 63/250 - Train Loss: 0.059024, Val Loss: 0.060519[0m
2025-12-28 18:05:45,107 | INFO     | Epoch 64/250 - Train Loss: 0.058431, Val Loss: 0.060354[0m
2025-12-28 18:08:57,858 | INFO     | Epoch 65/250 - Train Loss: 0.057965, Val Loss: 0.059084[0m
2025-12-28 18:08:57,909 | INFO     | New best model saved with Val Loss: 0.059084
2025-12-28 18:12:10,681 | INFO     | Epoch 66/250 - Train Loss: 0.057416, Val Loss: 0.061883[0m
2025-12-28 18:15:23,470 | INFO     | Epoch 67/250 - Train Loss: 0.057472, Val Loss: 0.059759[0m
2025-12-28 18:18:36,241 | INFO     | Epoch 68/250 - Train Loss: 0.057240, Val Loss: 0.057699[0m
2025-12-28 18:18:36,292 | INFO     | New best model saved with Val Loss: 0.057699
2025-12-28 18:21:49,051 | INFO     | Epoch 69/250 - Train Loss: 0.057094, Val Loss: 0.057005[0m
2025-12-28 18:21:49,100 | INFO     | New best model saved with Val Loss: 0.057005
2025-12-28 18:25:01,870 | INFO     | Epoch 70/250 - Train Loss: 0.055546, Val Loss: 0.061938[0m
2025-12-28 18:28:14,732 | INFO     | Epoch 71/250 - Train Loss: 0.056867, Val Loss: 0.059033[0m
2025-12-28 18:31:27,473 | INFO     | Epoch 72/250 - Train Loss: 0.055836, Val Loss: 0.056646[0m
2025-12-28 18:31:27,526 | INFO     | New best model saved with Val Loss: 0.056646
2025-12-28 18:34:40,275 | INFO     | Epoch 73/250 - Train Loss: 0.056005, Val Loss: 0.057797[0m
2025-12-28 18:37:53,037 | INFO     | Epoch 74/250 - Train Loss: 0.054602, Val Loss: 0.057772[0m
2025-12-28 18:41:05,799 | INFO     | Epoch 75/250 - Train Loss: 0.054447, Val Loss: 0.057765[0m
2025-12-28 18:44:18,539 | INFO     | Epoch 76/250 - Train Loss: 0.055338, Val Loss: 0.059381[0m
2025-12-28 18:47:31,296 | INFO     | Epoch 77/250 - Train Loss: 0.055194, Val Loss: 0.056522[0m
2025-12-28 18:47:31,352 | INFO     | New best model saved with Val Loss: 0.056522
2025-12-28 18:50:44,133 | INFO     | Epoch 78/250 - Train Loss: 0.054108, Val Loss: 0.057162[0m
2025-12-28 18:53:56,902 | INFO     | Epoch 79/250 - Train Loss: 0.053906, Val Loss: 0.055568[0m
2025-12-28 18:53:56,951 | INFO     | New best model saved with Val Loss: 0.055568
2025-12-28 18:57:09,703 | INFO     | Epoch 80/250 - Train Loss: 0.055019, Val Loss: 0.056203[0m
2025-12-28 19:00:22,555 | INFO     | Epoch 81/250 - Train Loss: 0.053949, Val Loss: 0.057228[0m
2025-12-28 19:03:35,301 | INFO     | Epoch 82/250 - Train Loss: 0.054211, Val Loss: 0.054681[0m
2025-12-28 19:03:35,353 | INFO     | New best model saved with Val Loss: 0.054681
2025-12-28 19:06:48,118 | INFO     | Epoch 83/250 - Train Loss: 0.052747, Val Loss: 0.056414[0m
2025-12-28 19:10:00,891 | INFO     | Epoch 84/250 - Train Loss: 0.053697, Val Loss: 0.059520[0m
2025-12-28 19:13:13,656 | INFO     | Epoch 85/250 - Train Loss: 0.053124, Val Loss: 0.058389[0m
2025-12-28 19:16:26,434 | INFO     | Epoch 86/250 - Train Loss: 0.052546, Val Loss: 0.055222[0m
2025-12-28 19:19:39,166 | INFO     | Epoch 87/250 - Train Loss: 0.052846, Val Loss: 0.058195[0m
2025-12-28 19:22:51,914 | INFO     | Epoch 88/250 - Train Loss: 0.053820, Val Loss: 0.055679[0m
2025-12-28 19:26:04,662 | INFO     | Epoch 89/250 - Train Loss: 0.051913, Val Loss: 0.055974[0m
2025-12-28 19:29:17,432 | INFO     | Epoch 90/250 - Train Loss: 0.052396, Val Loss: 0.054550[0m
2025-12-28 19:29:17,478 | INFO     | New best model saved with Val Loss: 0.054550
2025-12-28 19:32:30,329 | INFO     | Epoch 91/250 - Train Loss: 0.051456, Val Loss: 0.053343[0m
2025-12-28 19:32:30,383 | INFO     | New best model saved with Val Loss: 0.053343
2025-12-28 19:35:43,168 | INFO     | Epoch 92/250 - Train Loss: 0.052483, Val Loss: 0.059377[0m
2025-12-28 19:38:55,896 | INFO     | Epoch 93/250 - Train Loss: 0.051309, Val Loss: 0.056609[0m
2025-12-28 19:42:08,678 | INFO     | Epoch 94/250 - Train Loss: 0.051142, Val Loss: 0.053532[0m
2025-12-28 19:45:21,441 | INFO     | Epoch 95/250 - Train Loss: 0.051491, Val Loss: 0.056904[0m
2025-12-28 19:48:34,205 | INFO     | Epoch 96/250 - Train Loss: 0.052597, Val Loss: 0.053852[0m
2025-12-28 19:51:46,983 | INFO     | Epoch 97/250 - Train Loss: 0.051336, Val Loss: 0.054315[0m
2025-12-28 19:54:59,717 | INFO     | Epoch 98/250 - Train Loss: 0.050645, Val Loss: 0.055891[0m
2025-12-28 19:58:12,497 | INFO     | Epoch 99/250 - Train Loss: 0.050910, Val Loss: 0.053292[0m
2025-12-28 19:58:12,554 | INFO     | New best model saved with Val Loss: 0.053292
2025-12-28 20:01:25,337 | INFO     | Epoch 100/250 - Train Loss: 0.051264, Val Loss: 0.052919[0m
2025-12-28 20:01:25,389 | INFO     | New best model saved with Val Loss: 0.052919
2025-12-28 20:04:38,255 | INFO     | Epoch 101/250 - Train Loss: 0.045309, Val Loss: 0.049807[0m
2025-12-28 20:04:38,307 | INFO     | New best model saved with Val Loss: 0.049807
2025-12-28 20:07:51,056 | INFO     | Epoch 102/250 - Train Loss: 0.044821, Val Loss: 0.049298[0m
2025-12-28 20:07:51,111 | INFO     | New best model saved with Val Loss: 0.049298
2025-12-28 20:11:03,861 | INFO     | Epoch 103/250 - Train Loss: 0.044805, Val Loss: 0.050012[0m
2025-12-28 20:14:16,645 | INFO     | Epoch 104/250 - Train Loss: 0.044229, Val Loss: 0.049800[0m
2025-12-28 20:17:29,391 | INFO     | Epoch 105/250 - Train Loss: 0.044858, Val Loss: 0.049843[0m
2025-12-28 20:20:42,136 | INFO     | Epoch 106/250 - Train Loss: 0.044196, Val Loss: 0.050523[0m
2025-12-28 20:23:54,912 | INFO     | Epoch 107/250 - Train Loss: 0.044271, Val Loss: 0.052074[0m
2025-12-28 20:27:07,670 | INFO     | Epoch 108/250 - Train Loss: 0.044786, Val Loss: 0.049611[0m
2025-12-28 20:30:20,443 | INFO     | Epoch 109/250 - Train Loss: 0.043873, Val Loss: 0.050105[0m
2025-12-28 20:33:33,226 | INFO     | Epoch 110/250 - Train Loss: 0.043381, Val Loss: 0.049778[0m
2025-12-28 20:36:46,077 | INFO     | Epoch 111/250 - Train Loss: 0.043405, Val Loss: 0.050183[0m
2025-12-28 20:39:58,843 | INFO     | Epoch 112/250 - Train Loss: 0.043798, Val Loss: 0.049615[0m
2025-12-28 20:43:11,595 | INFO     | Epoch 113/250 - Train Loss: 0.043482, Val Loss: 0.053405[0m
2025-12-28 20:46:24,382 | INFO     | Epoch 114/250 - Train Loss: 0.043456, Val Loss: 0.048691[0m
2025-12-28 20:46:24,420 | INFO     | New best model saved with Val Loss: 0.048691
2025-12-28 20:49:37,193 | INFO     | Epoch 115/250 - Train Loss: 0.042587, Val Loss: 0.052120[0m
2025-12-28 20:52:49,954 | INFO     | Epoch 116/250 - Train Loss: 0.042931, Val Loss: 0.048811[0m
2025-12-28 20:56:02,799 | INFO     | Epoch 117/250 - Train Loss: 0.042572, Val Loss: 0.048934[0m
2025-12-28 20:59:15,610 | INFO     | Epoch 118/250 - Train Loss: 0.042704, Val Loss: 0.049776[0m
2025-12-28 21:02:28,501 | INFO     | Epoch 119/250 - Train Loss: 0.042289, Val Loss: 0.050914[0m
2025-12-28 21:05:41,289 | INFO     | Epoch 120/250 - Train Loss: 0.042168, Val Loss: 0.048452[0m
2025-12-28 21:05:41,343 | INFO     | New best model saved with Val Loss: 0.048452
2025-12-28 21:08:54,189 | INFO     | Epoch 121/250 - Train Loss: 0.042112, Val Loss: 0.049449[0m
2025-12-28 21:12:06,983 | INFO     | Epoch 122/250 - Train Loss: 0.043618, Val Loss: 0.049513[0m
2025-12-28 21:15:19,767 | INFO     | Epoch 123/250 - Train Loss: 0.042153, Val Loss: 0.049814[0m
2025-12-28 21:18:32,503 | INFO     | Epoch 124/250 - Train Loss: 0.041129, Val Loss: 0.048983[0m
2025-12-28 21:21:45,282 | INFO     | Epoch 125/250 - Train Loss: 0.043411, Val Loss: 0.051641[0m
2025-12-28 21:24:58,049 | INFO     | Epoch 126/250 - Train Loss: 0.043069, Val Loss: 0.049100[0m
2025-12-28 21:28:10,807 | INFO     | Epoch 127/250 - Train Loss: 0.041907, Val Loss: 0.047994[0m
2025-12-28 21:28:10,859 | INFO     | New best model saved with Val Loss: 0.047994
2025-12-28 21:31:23,634 | INFO     | Epoch 128/250 - Train Loss: 0.040683, Val Loss: 0.048740[0m
2025-12-28 21:34:36,430 | INFO     | Epoch 129/250 - Train Loss: 0.040659, Val Loss: 0.048591[0m
2025-12-28 21:37:49,210 | INFO     | Epoch 130/250 - Train Loss: 0.040809, Val Loss: 0.047947[0m
2025-12-28 21:37:49,264 | INFO     | New best model saved with Val Loss: 0.047947
2025-12-28 21:41:02,159 | INFO     | Epoch 131/250 - Train Loss: 0.040903, Val Loss: 0.049068[0m
2025-12-28 21:44:14,907 | INFO     | Epoch 132/250 - Train Loss: 0.040458, Val Loss: 0.053338[0m
2025-12-28 21:47:27,678 | INFO     | Epoch 133/250 - Train Loss: 0.041569, Val Loss: 0.048696[0m
2025-12-28 21:50:40,447 | INFO     | Epoch 134/250 - Train Loss: 0.040364, Val Loss: 0.048968[0m
2025-12-28 21:53:53,186 | INFO     | Epoch 135/250 - Train Loss: 0.039421, Val Loss: 0.048121[0m
2025-12-28 21:57:05,968 | INFO     | Epoch 136/250 - Train Loss: 0.044107, Val Loss: 0.052940[0m
2025-12-28 22:00:18,731 | INFO     | Epoch 137/250 - Train Loss: 0.041531, Val Loss: 0.049567[0m
2025-12-28 22:03:31,500 | INFO     | Epoch 138/250 - Train Loss: 0.038979, Val Loss: 0.048424[0m
2025-12-28 22:06:44,254 | INFO     | Epoch 139/250 - Train Loss: 0.039043, Val Loss: 0.049713[0m
2025-12-28 22:09:57,020 | INFO     | Epoch 140/250 - Train Loss: 0.039446, Val Loss: 0.048556[0m
2025-12-28 22:13:09,960 | INFO     | Epoch 141/250 - Train Loss: 0.039972, Val Loss: 0.050951[0m
2025-12-28 22:16:22,713 | INFO     | Epoch 142/250 - Train Loss: 0.041896, Val Loss: 0.048312[0m
2025-12-28 22:19:35,449 | INFO     | Epoch 143/250 - Train Loss: 0.040516, Val Loss: 0.065808[0m
2025-12-28 22:22:48,224 | INFO     | Epoch 144/250 - Train Loss: 0.041052, Val Loss: 0.047152[0m
2025-12-28 22:22:48,275 | INFO     | New best model saved with Val Loss: 0.047152
2025-12-28 22:26:01,073 | INFO     | Epoch 145/250 - Train Loss: 0.039082, Val Loss: 0.047168[0m
2025-12-28 22:29:13,839 | INFO     | Epoch 146/250 - Train Loss: 0.038811, Val Loss: 0.052864[0m
2025-12-28 22:32:26,605 | INFO     | Epoch 147/250 - Train Loss: 0.039420, Val Loss: 0.047184[0m
2025-12-28 22:35:39,363 | INFO     | Epoch 148/250 - Train Loss: 0.038620, Val Loss: 0.048167[0m
2025-12-28 22:38:52,113 | INFO     | Epoch 149/250 - Train Loss: 0.038252, Val Loss: 0.048772[0m
2025-12-28 22:42:04,872 | INFO     | Epoch 150/250 - Train Loss: 0.038350, Val Loss: 0.048713[0m
2025-12-28 22:45:17,743 | INFO     | Epoch 151/250 - Train Loss: 0.036417, Val Loss: 0.046605[0m
2025-12-28 22:45:17,789 | INFO     | New best model saved with Val Loss: 0.046605
2025-12-28 22:48:30,533 | INFO     | Epoch 152/250 - Train Loss: 0.035255, Val Loss: 0.046676[0m
2025-12-28 22:51:43,311 | INFO     | Epoch 153/250 - Train Loss: 0.035551, Val Loss: 0.047131[0m
2025-12-28 22:54:56,064 | INFO     | Epoch 154/250 - Train Loss: 0.035082, Val Loss: 0.046379[0m
2025-12-28 22:54:56,117 | INFO     | New best model saved with Val Loss: 0.046379
2025-12-28 22:58:08,897 | INFO     | Epoch 155/250 - Train Loss: 0.035860, Val Loss: 0.046982[0m
2025-12-28 23:01:21,682 | INFO     | Epoch 156/250 - Train Loss: 0.034836, Val Loss: 0.047433[0m
2025-12-28 23:04:34,477 | INFO     | Epoch 157/250 - Train Loss: 0.034807, Val Loss: 0.046960[0m
2025-12-28 23:07:47,252 | INFO     | Epoch 158/250 - Train Loss: 0.035099, Val Loss: 0.046940[0m
2025-12-28 23:10:59,993 | INFO     | Epoch 159/250 - Train Loss: 0.034585, Val Loss: 0.046756[0m
2025-12-28 23:14:12,786 | INFO     | Epoch 160/250 - Train Loss: 0.034482, Val Loss: 0.046564[0m
2025-12-28 23:17:25,668 | INFO     | Epoch 161/250 - Train Loss: 0.034486, Val Loss: 0.046809[0m
2025-12-28 23:20:38,440 | INFO     | Epoch 162/250 - Train Loss: 0.034228, Val Loss: 0.046700[0m
2025-12-28 23:23:51,246 | INFO     | Epoch 163/250 - Train Loss: 0.034202, Val Loss: 0.047256[0m
2025-12-28 23:27:04,043 | INFO     | Epoch 164/250 - Train Loss: 0.034150, Val Loss: 0.046749[0m
2025-12-28 23:30:16,830 | INFO     | Epoch 165/250 - Train Loss: 0.033844, Val Loss: 0.047004[0m
2025-12-28 23:33:29,580 | INFO     | Epoch 166/250 - Train Loss: 0.033813, Val Loss: 0.048066[0m
2025-12-28 23:36:42,344 | INFO     | Epoch 167/250 - Train Loss: 0.033866, Val Loss: 0.047892[0m
2025-12-28 23:39:55,099 | INFO     | Epoch 168/250 - Train Loss: 0.034467, Val Loss: 0.047574[0m
2025-12-28 23:43:07,850 | INFO     | Epoch 169/250 - Train Loss: 0.033665, Val Loss: 0.046837[0m
2025-12-28 23:46:20,650 | INFO     | Epoch 170/250 - Train Loss: 0.033289, Val Loss: 0.047224[0m
2025-12-28 23:49:33,537 | INFO     | Epoch 171/250 - Train Loss: 0.033382, Val Loss: 0.047510[0m
2025-12-28 23:52:46,284 | INFO     | Epoch 172/250 - Train Loss: 0.033629, Val Loss: 0.047050[0m
2025-12-28 23:55:59,045 | INFO     | Epoch 173/250 - Train Loss: 0.035707, Val Loss: 0.050355[0m
2025-12-28 23:59:11,808 | INFO     | Epoch 174/250 - Train Loss: 0.034169, Val Loss: 0.047218[0m
2025-12-29 00:02:24,590 | INFO     | Epoch 175/250 - Train Loss: 0.033046, Val Loss: 0.047020[0m
2025-12-29 00:05:37,341 | INFO     | Epoch 176/250 - Train Loss: 0.033207, Val Loss: 0.047518[0m
2025-12-29 00:08:50,091 | INFO     | Epoch 177/250 - Train Loss: 0.033039, Val Loss: 0.047596[0m
2025-12-29 00:12:02,872 | INFO     | Epoch 178/250 - Train Loss: 0.033066, Val Loss: 0.047135[0m
2025-12-29 00:15:15,679 | INFO     | Epoch 179/250 - Train Loss: 0.033166, Val Loss: 0.051327[0m
2025-12-29 00:18:28,503 | INFO     | Epoch 180/250 - Train Loss: 0.033163, Val Loss: 0.047599[0m
2025-12-29 00:21:41,353 | INFO     | Epoch 181/250 - Train Loss: 0.032828, Val Loss: 0.047505[0m
2025-12-29 00:24:54,128 | INFO     | Epoch 182/250 - Train Loss: 0.032497, Val Loss: 0.047090[0m
2025-12-29 00:28:06,890 | INFO     | Epoch 183/250 - Train Loss: 0.032763, Val Loss: 0.047394[0m
2025-12-29 00:31:19,668 | INFO     | Epoch 184/250 - Train Loss: 0.033570, Val Loss: 0.047096[0m
2025-12-29 00:34:32,473 | INFO     | Epoch 185/250 - Train Loss: 0.032355, Val Loss: 0.047278[0m
2025-12-29 00:37:45,208 | INFO     | Epoch 186/250 - Train Loss: 0.032129, Val Loss: 0.048689[0m
2025-12-29 00:40:57,992 | INFO     | Epoch 187/250 - Train Loss: 0.032336, Val Loss: 0.055909[0m
2025-12-29 00:44:10,755 | INFO     | Epoch 188/250 - Train Loss: 0.032823, Val Loss: 0.047083[0m
2025-12-29 00:47:23,556 | INFO     | Epoch 189/250 - Train Loss: 0.031841, Val Loss: 0.047583[0m
2025-12-29 00:50:36,312 | INFO     | Epoch 190/250 - Train Loss: 0.031938, Val Loss: 0.047352[0m
2025-12-29 00:53:49,196 | INFO     | Epoch 191/250 - Train Loss: 0.031810, Val Loss: 0.047548[0m
2025-12-29 00:57:01,976 | INFO     | Epoch 192/250 - Train Loss: 0.031816, Val Loss: 0.046715[0m
2025-12-29 01:00:14,727 | INFO     | Epoch 193/250 - Train Loss: 0.032085, Val Loss: 0.047815[0m
2025-12-29 01:03:27,553 | INFO     | Epoch 194/250 - Train Loss: 0.031988, Val Loss: 0.047288[0m
2025-12-29 01:06:40,314 | INFO     | Epoch 195/250 - Train Loss: 0.031674, Val Loss: 0.046866[0m
2025-12-29 01:09:53,052 | INFO     | Epoch 196/250 - Train Loss: 0.032248, Val Loss: 0.048257[0m
2025-12-29 01:13:05,850 | INFO     | Epoch 197/250 - Train Loss: 0.033089, Val Loss: 0.066474[0m
2025-12-29 01:16:18,633 | INFO     | Epoch 198/250 - Train Loss: 0.032876, Val Loss: 0.047336[0m
2025-12-29 01:19:31,389 | INFO     | Epoch 199/250 - Train Loss: 0.031046, Val Loss: 0.046883[0m
2025-12-29 01:22:44,161 | INFO     | Epoch 200/250 - Train Loss: 0.031363, Val Loss: 0.047010[0m
2025-12-29 01:25:57,040 | INFO     | Epoch 201/250 - Train Loss: 0.030705, Val Loss: 0.046695[0m
2025-12-29 01:29:09,813 | INFO     | Epoch 202/250 - Train Loss: 0.029954, Val Loss: 0.046422[0m
2025-12-29 01:32:22,706 | INFO     | Epoch 203/250 - Train Loss: 0.029552, Val Loss: 0.046505[0m
2025-12-29 01:35:35,621 | INFO     | Epoch 204/250 - Train Loss: 0.029505, Val Loss: 0.046484[0m
2025-12-29 01:38:48,461 | INFO     | Epoch 205/250 - Train Loss: 0.029594, Val Loss: 0.046659[0m
2025-12-29 01:42:01,213 | INFO     | Epoch 206/250 - Train Loss: 0.029555, Val Loss: 0.046565[0m
2025-12-29 01:45:14,050 | INFO     | Epoch 207/250 - Train Loss: 0.029405, Val Loss: 0.046888[0m
2025-12-29 01:48:26,903 | INFO     | Epoch 208/250 - Train Loss: 0.029832, Val Loss: 0.046867[0m
2025-12-29 01:51:39,676 | INFO     | Epoch 209/250 - Train Loss: 0.029559, Val Loss: 0.046705[0m
2025-12-29 01:54:52,451 | INFO     | Epoch 210/250 - Train Loss: 0.029263, Val Loss: 0.046789[0m
2025-12-29 01:58:05,398 | INFO     | Epoch 211/250 - Train Loss: 0.029239, Val Loss: 0.046624[0m
2025-12-29 02:01:18,203 | INFO     | Epoch 212/250 - Train Loss: 0.029527, Val Loss: 0.046701[0m
2025-12-29 02:04:30,997 | INFO     | Epoch 213/250 - Train Loss: 0.029202, Val Loss: 0.046723[0m
2025-12-29 02:07:43,745 | INFO     | Epoch 214/250 - Train Loss: 0.029385, Val Loss: 0.047097[0m
2025-12-29 02:10:56,529 | INFO     | Epoch 215/250 - Train Loss: 0.029070, Val Loss: 0.046563[0m
2025-12-29 02:14:09,296 | INFO     | Epoch 216/250 - Train Loss: 0.028963, Val Loss: 0.047053[0m
2025-12-29 02:17:22,085 | INFO     | Epoch 217/250 - Train Loss: 0.028962, Val Loss: 0.046820[0m
2025-12-29 02:20:34,882 | INFO     | Epoch 218/250 - Train Loss: 0.028782, Val Loss: 0.047050[0m
2025-12-29 02:23:47,661 | INFO     | Epoch 219/250 - Train Loss: 0.028877, Val Loss: 0.047036[0m
2025-12-29 02:27:00,446 | INFO     | Epoch 220/250 - Train Loss: 0.029063, Val Loss: 0.046651[0m
2025-12-29 02:30:13,351 | INFO     | Epoch 221/250 - Train Loss: 0.029041, Val Loss: 0.047201[0m
2025-12-29 02:33:26,140 | INFO     | Epoch 222/250 - Train Loss: 0.029335, Val Loss: 0.046806[0m
2025-12-29 02:36:38,906 | INFO     | Epoch 223/250 - Train Loss: 0.028674, Val Loss: 0.046966[0m
2025-12-29 02:39:51,677 | INFO     | Epoch 224/250 - Train Loss: 0.028600, Val Loss: 0.046924[0m
2025-12-29 02:43:04,445 | INFO     | Epoch 225/250 - Train Loss: 0.029043, Val Loss: 0.047100[0m
2025-12-29 02:46:17,222 | INFO     | Epoch 226/250 - Train Loss: 0.028693, Val Loss: 0.046541[0m
2025-12-29 02:49:29,997 | INFO     | Epoch 227/250 - Train Loss: 0.028595, Val Loss: 0.046827[0m
2025-12-29 02:52:42,776 | INFO     | Epoch 228/250 - Train Loss: 0.028435, Val Loss: 0.047200[0m
2025-12-29 02:55:55,541 | INFO     | Epoch 229/250 - Train Loss: 0.028490, Val Loss: 0.046817[0m
2025-12-29 02:59:08,280 | INFO     | Epoch 230/250 - Train Loss: 0.028742, Val Loss: 0.046859[0m
2025-12-29 03:02:21,119 | INFO     | Epoch 231/250 - Train Loss: 0.028248, Val Loss: 0.046406[0m
2025-12-29 03:05:33,892 | INFO     | Epoch 232/250 - Train Loss: 0.028231, Val Loss: 0.047342[0m
2025-12-29 03:08:46,701 | INFO     | Epoch 233/250 - Train Loss: 0.028281, Val Loss: 0.046905[0m
2025-12-29 03:11:59,483 | INFO     | Epoch 234/250 - Train Loss: 0.028157, Val Loss: 0.047739[0m
2025-12-29 03:15:12,251 | INFO     | Epoch 235/250 - Train Loss: 0.028147, Val Loss: 0.047246[0m
2025-12-29 03:18:25,020 | INFO     | Epoch 236/250 - Train Loss: 0.028145, Val Loss: 0.046654[0m
2025-12-29 03:21:37,794 | INFO     | Epoch 237/250 - Train Loss: 0.028129, Val Loss: 0.047351[0m
2025-12-29 03:24:50,536 | INFO     | Epoch 238/250 - Train Loss: 0.028061, Val Loss: 0.047231[0m
2025-12-29 03:28:03,301 | INFO     | Epoch 239/250 - Train Loss: 0.028060, Val Loss: 0.047010[0m
2025-12-29 03:31:16,111 | INFO     | Epoch 240/250 - Train Loss: 0.028224, Val Loss: 0.046934[0m
2025-12-29 03:34:28,993 | INFO     | Epoch 241/250 - Train Loss: 0.028149, Val Loss: 0.046958[0m
2025-12-29 03:37:41,721 | INFO     | Epoch 242/250 - Train Loss: 0.027962, Val Loss: 0.047222[0m
2025-12-29 03:40:54,502 | INFO     | Epoch 243/250 - Train Loss: 0.027810, Val Loss: 0.046920[0m
2025-12-29 03:44:07,268 | INFO     | Epoch 244/250 - Train Loss: 0.027802, Val Loss: 0.047345[0m
2025-12-29 03:47:20,032 | INFO     | Epoch 245/250 - Train Loss: 0.027728, Val Loss: 0.046871[0m
2025-12-29 03:50:32,821 | INFO     | Epoch 246/250 - Train Loss: 0.027830, Val Loss: 0.046846[0m
2025-12-29 03:53:45,612 | INFO     | Epoch 247/250 - Train Loss: 0.027664, Val Loss: 0.047241[0m
2025-12-29 03:56:58,383 | INFO     | Epoch 248/250 - Train Loss: 0.027610, Val Loss: 0.047530[0m
2025-12-29 04:00:11,169 | INFO     | Epoch 249/250 - Train Loss: 0.027639, Val Loss: 0.047256[0m
2025-12-29 04:03:23,929 | INFO     | Epoch 250/250 - Train Loss: 0.027723, Val Loss: 0.047122[0m
2025-12-29 04:03:24,074 | INFO     | Final model saved to experiments_DrivAerNet++/WW_spressure_N10k_lr1e-3_e250_run1/final_model.pth
2025-12-29 04:03:24,074 | INFO     | Testing the final model
2025-12-29 04:03:34,282 | INFO     | *******************[35mL2_erro:[0m
2025-12-29 04:03:34,282 | INFO     |  0.166890
2025-12-29 04:03:34,283 | INFO     | *******************[35mmse_loss:[0m
2025-12-29 04:03:34,283 | INFO     |  0.051097
2025-12-29 04:03:34,283 | INFO     | *******************[35minference_time:[0m
2025-12-29 04:03:34,283 | INFO     |  0.000000
2025-12-29 04:03:34,283 | INFO     | Testing the best model
2025-12-29 04:03:44,489 | INFO     | *******************[35mL2_erro:[0m
2025-12-29 04:03:44,490 | INFO     |  0.167403
2025-12-29 04:03:44,490 | INFO     | *******************[35mmse_loss:[0m
2025-12-29 04:03:44,490 | INFO     |  0.051446
2025-12-29 04:03:44,490 | INFO     | *******************[35minference_time:[0m
2025-12-29 04:03:44,490 | INFO     |  0.000000
2025-12-29 08:31:51,201 | INFO     | Config:
exp_name: WW_spressure_N10k_lr1e-3_e250_run1
model:
  input_dim: 3
  output_dim: 1
  head_num: 8
  hidden_dim: 256
  res: true
  slice_num: 32
  layer_num: 5
  mlp_ratio: 1.5
  dropout: 0.1
training:
  input: x_pres
  target: y_pres
  x_mean:
  - 1.5160021
  - -5.4310558e-06
  - 0.58746094
  x_std:
  - 1.415669
  - 0.65769494
  - 0.38634354
  y_mean: -95.576584
  y_std: 123.44368
  batch_size: 1
  epochs: 250
  lr: 0.001
  scheduler_step: 50
  scheduler_gamma: 0.5
  max_grad_norm: 0.1
  num_workers: 1
  weight_decay: 0.0
  test_only: 0
  gpus: '0'
  seed: 42
dataload:
  directory: /mnt/wjc_group/mae-zhangbj/DrivAerNet++_dataset/E_S_WW_WM

2025-12-29 08:31:51,201 | INFO     | args.exp_name : WW_spressure_N10k_lr1e-3_e250_run1
2025-12-29 08:31:51,201 | INFO     | Starting training with 1 GPUs
2025-12-29 08:31:52,379 | INFO     | Total trainable parameters: 3381321
2025-12-29 08:31:52,380 | INFO     | Data loaded: 464 training batches, 118 validation batches, 110 test batches
2025-12-29 08:31:52,382 | INFO     | Staring training for 250 epochs
2025-12-29 08:35:05,818 | INFO     | Epoch 1/250 - Train Loss: 0.961636, Val Loss: 0.690952[0m
2025-12-29 08:35:05,873 | INFO     | New best model saved with Val Loss: 0.690952
2025-12-29 08:38:19,458 | INFO     | Epoch 2/250 - Train Loss: 0.496705, Val Loss: 0.433913[0m
2025-12-29 08:38:19,513 | INFO     | New best model saved with Val Loss: 0.433913
2025-12-29 08:41:33,192 | INFO     | Epoch 3/250 - Train Loss: 0.408197, Val Loss: 0.391016[0m
2025-12-29 08:41:33,248 | INFO     | New best model saved with Val Loss: 0.391016
2025-12-29 08:44:46,776 | INFO     | Epoch 4/250 - Train Loss: 0.336557, Val Loss: 0.307723[0m
2025-12-29 08:44:46,823 | INFO     | New best model saved with Val Loss: 0.307723
2025-12-29 08:48:00,441 | INFO     | Epoch 5/250 - Train Loss: 0.279520, Val Loss: 0.272486[0m
2025-12-29 08:48:00,494 | INFO     | New best model saved with Val Loss: 0.272486
2025-12-29 08:51:14,118 | INFO     | Epoch 6/250 - Train Loss: 0.254733, Val Loss: 0.241139[0m
2025-12-29 08:51:14,160 | INFO     | New best model saved with Val Loss: 0.241139
2025-12-29 08:54:27,793 | INFO     | Epoch 7/250 - Train Loss: 0.238015, Val Loss: 0.236750[0m
2025-12-29 08:54:27,844 | INFO     | New best model saved with Val Loss: 0.236750
2025-12-29 08:57:41,518 | INFO     | Epoch 8/250 - Train Loss: 0.226965, Val Loss: 0.215254[0m
2025-12-29 08:57:41,569 | INFO     | New best model saved with Val Loss: 0.215254
2025-12-29 09:00:55,252 | INFO     | Epoch 9/250 - Train Loss: 0.218519, Val Loss: 0.207650[0m
2025-12-29 09:00:55,303 | INFO     | New best model saved with Val Loss: 0.207650
2025-12-29 09:04:08,992 | INFO     | Epoch 10/250 - Train Loss: 0.213291, Val Loss: 0.211276[0m
2025-12-29 09:07:22,858 | INFO     | Epoch 11/250 - Train Loss: 0.207908, Val Loss: 0.199631[0m
2025-12-29 09:07:22,909 | INFO     | New best model saved with Val Loss: 0.199631
2025-12-29 09:10:36,605 | INFO     | Epoch 12/250 - Train Loss: 0.200228, Val Loss: 0.203005[0m
2025-12-29 09:13:50,316 | INFO     | Epoch 13/250 - Train Loss: 0.196707, Val Loss: 0.186754[0m
2025-12-29 09:13:50,371 | INFO     | New best model saved with Val Loss: 0.186754
2025-12-29 09:17:04,115 | INFO     | Epoch 14/250 - Train Loss: 0.190062, Val Loss: 0.196460[0m
2025-12-29 09:20:17,872 | INFO     | Epoch 15/250 - Train Loss: 0.184878, Val Loss: 0.182476[0m
2025-12-29 09:20:17,925 | INFO     | New best model saved with Val Loss: 0.182476
2025-12-29 09:23:31,675 | INFO     | Epoch 16/250 - Train Loss: 0.176199, Val Loss: 0.177602[0m
2025-12-29 09:23:31,726 | INFO     | New best model saved with Val Loss: 0.177602
2025-12-29 09:26:45,501 | INFO     | Epoch 17/250 - Train Loss: 0.171887, Val Loss: 0.162941[0m
2025-12-29 09:26:45,549 | INFO     | New best model saved with Val Loss: 0.162941
2025-12-29 09:29:59,256 | INFO     | Epoch 18/250 - Train Loss: 0.165906, Val Loss: 0.166362[0m
2025-12-29 09:33:12,950 | INFO     | Epoch 19/250 - Train Loss: 0.159343, Val Loss: 0.152339[0m
2025-12-29 09:33:13,001 | INFO     | New best model saved with Val Loss: 0.152339
2025-12-29 09:36:26,753 | INFO     | Epoch 20/250 - Train Loss: 0.151266, Val Loss: 0.151225[0m
2025-12-29 09:36:26,808 | INFO     | New best model saved with Val Loss: 0.151225
2025-12-29 09:39:40,685 | INFO     | Epoch 21/250 - Train Loss: 0.146062, Val Loss: 0.144509[0m
2025-12-29 09:39:40,736 | INFO     | New best model saved with Val Loss: 0.144509
2025-12-29 09:42:54,591 | INFO     | Epoch 22/250 - Train Loss: 0.138751, Val Loss: 0.132673[0m
2025-12-29 09:42:54,642 | INFO     | New best model saved with Val Loss: 0.132673
2025-12-29 09:46:08,543 | INFO     | Epoch 23/250 - Train Loss: 0.133299, Val Loss: 0.130370[0m
2025-12-29 09:46:08,596 | INFO     | New best model saved with Val Loss: 0.130370
2025-12-29 09:49:22,553 | INFO     | Epoch 24/250 - Train Loss: 0.128157, Val Loss: 0.124784[0m
2025-12-29 09:49:22,602 | INFO     | New best model saved with Val Loss: 0.124784
2025-12-29 09:52:36,526 | INFO     | Epoch 25/250 - Train Loss: 0.124673, Val Loss: 0.115486[0m
2025-12-29 09:52:36,577 | INFO     | New best model saved with Val Loss: 0.115486
2025-12-29 09:55:50,502 | INFO     | Epoch 26/250 - Train Loss: 0.119458, Val Loss: 0.110928[0m
2025-12-29 09:55:50,554 | INFO     | New best model saved with Val Loss: 0.110928
2025-12-29 09:59:47,136 | INFO     | Config:
exp_name: WW_spressure_N10k_lr1e-3_e250_run1
model:
  input_dim: 3
  output_dim: 1
  head_num: 8
  hidden_dim: 256
  res: true
  slice_num: 32
  layer_num: 5
  mlp_ratio: 1.5
  dropout: 0.1
training:
  input: x_pres
  target: y_pres
  x_mean:
  - 1.5160021
  - -5.4310558e-06
  - 0.58746094
  x_std:
  - 1.415669
  - 0.65769494
  - 0.38634354
  y_mean: -95.576584
  y_std: 123.44368
  batch_size: 1
  epochs: 250
  lr: 0.001
  scheduler_step: 50
  scheduler_gamma: 0.5
  max_grad_norm: 0.1
  num_workers: 1
  weight_decay: 0.0
  test_only: 0
  gpus: '0'
  seed: 42
dataload:
  directory: /mnt/wjc_group/mae-zhangbj/DrivAerNet++_dataset/E_S_WW_WM

2025-12-29 09:59:47,136 | INFO     | args.exp_name : WW_spressure_N10k_lr1e-3_e250_run1
2025-12-29 09:59:47,137 | INFO     | Starting training with 1 GPUs
2025-12-29 09:59:48,303 | INFO     | Total trainable parameters: 3381321
2025-12-29 09:59:48,303 | INFO     | Data loaded: 464 training batches, 118 validation batches, 110 test batches
2025-12-29 09:59:48,304 | INFO     | Staring training for 250 epochs
2025-12-29 10:09:10,211 | INFO     | Epoch 1/250 - Train Loss: 0.977854, Val Loss: 0.755166[0m
2025-12-29 10:09:10,267 | INFO     | New best model saved with Val Loss: 0.755166
2025-12-29 10:20:19,138 | INFO     | Epoch 2/250 - Train Loss: 0.644583, Val Loss: 0.610505[0m
2025-12-29 10:20:19,195 | INFO     | New best model saved with Val Loss: 0.610505
2025-12-29 10:31:27,908 | INFO     | Epoch 3/250 - Train Loss: 0.545442, Val Loss: 0.467732[0m
2025-12-29 10:31:27,962 | INFO     | New best model saved with Val Loss: 0.467732
2025-12-29 10:42:36,590 | INFO     | Epoch 4/250 - Train Loss: 0.447488, Val Loss: 0.443683[0m
2025-12-29 10:42:36,643 | INFO     | New best model saved with Val Loss: 0.443683
2025-12-29 10:53:45,289 | INFO     | Epoch 5/250 - Train Loss: 0.414291, Val Loss: 0.413834[0m
2025-12-29 10:53:45,345 | INFO     | New best model saved with Val Loss: 0.413834
2025-12-29 11:04:53,874 | INFO     | Epoch 6/250 - Train Loss: 0.376986, Val Loss: 0.367770[0m
2025-12-29 11:04:53,930 | INFO     | New best model saved with Val Loss: 0.367770
2025-12-29 11:16:02,531 | INFO     | Epoch 7/250 - Train Loss: 0.333999, Val Loss: 0.326731[0m
2025-12-29 11:16:02,583 | INFO     | New best model saved with Val Loss: 0.326731
2025-12-29 11:27:11,163 | INFO     | Epoch 8/250 - Train Loss: 0.309329, Val Loss: 0.301539[0m
2025-12-29 11:27:11,215 | INFO     | New best model saved with Val Loss: 0.301539
2025-12-29 11:38:19,738 | INFO     | Epoch 9/250 - Train Loss: 0.290903, Val Loss: 0.287775[0m
2025-12-29 11:38:19,793 | INFO     | New best model saved with Val Loss: 0.287775
2025-12-29 11:49:28,370 | INFO     | Epoch 10/250 - Train Loss: 0.275503, Val Loss: 0.267167[0m
2025-12-29 11:49:28,425 | INFO     | New best model saved with Val Loss: 0.267167
2025-12-29 12:00:37,014 | INFO     | Epoch 11/250 - Train Loss: 0.261941, Val Loss: 0.245218[0m
2025-12-29 12:00:37,065 | INFO     | New best model saved with Val Loss: 0.245218
2025-12-29 12:11:45,601 | INFO     | Epoch 12/250 - Train Loss: 0.247177, Val Loss: 0.239744[0m
2025-12-29 12:11:45,652 | INFO     | New best model saved with Val Loss: 0.239744
2025-12-29 12:22:54,005 | INFO     | Epoch 13/250 - Train Loss: 0.236672, Val Loss: 0.238978[0m
2025-12-29 12:22:54,052 | INFO     | New best model saved with Val Loss: 0.238978
2025-12-29 12:34:02,480 | INFO     | Epoch 14/250 - Train Loss: 0.228840, Val Loss: 0.218861[0m
2025-12-29 12:34:02,531 | INFO     | New best model saved with Val Loss: 0.218861
2025-12-29 12:45:11,108 | INFO     | Epoch 15/250 - Train Loss: 0.222053, Val Loss: 0.220104[0m
2025-12-29 12:56:19,640 | INFO     | Epoch 16/250 - Train Loss: 0.215837, Val Loss: 0.230545[0m
2025-12-29 13:07:28,319 | INFO     | Epoch 17/250 - Train Loss: 0.210959, Val Loss: 0.214288[0m
2025-12-29 13:07:28,374 | INFO     | New best model saved with Val Loss: 0.214288
2025-12-29 13:18:37,021 | INFO     | Epoch 18/250 - Train Loss: 0.211799, Val Loss: 0.207999[0m
2025-12-29 13:18:37,064 | INFO     | New best model saved with Val Loss: 0.207999
2025-12-29 13:29:45,670 | INFO     | Epoch 19/250 - Train Loss: 0.206421, Val Loss: 0.213351[0m
2025-12-29 13:40:54,329 | INFO     | Epoch 20/250 - Train Loss: 0.201741, Val Loss: 0.195850[0m
2025-12-29 13:40:54,376 | INFO     | New best model saved with Val Loss: 0.195850
2025-12-29 13:52:03,022 | INFO     | Epoch 21/250 - Train Loss: 0.198788, Val Loss: 0.190161[0m
2025-12-29 13:52:03,070 | INFO     | New best model saved with Val Loss: 0.190161
2025-12-29 14:03:11,668 | INFO     | Epoch 22/250 - Train Loss: 0.194502, Val Loss: 0.185120[0m
2025-12-29 14:03:11,715 | INFO     | New best model saved with Val Loss: 0.185120
2025-12-29 14:14:20,435 | INFO     | Epoch 23/250 - Train Loss: 0.188418, Val Loss: 0.182792[0m
2025-12-29 14:14:20,488 | INFO     | New best model saved with Val Loss: 0.182792
2025-12-29 14:25:29,177 | INFO     | Epoch 24/250 - Train Loss: 0.186249, Val Loss: 0.193145[0m
2025-12-29 14:36:37,826 | INFO     | Epoch 25/250 - Train Loss: 0.185835, Val Loss: 0.187386[0m
2025-12-29 14:47:46,571 | INFO     | Epoch 26/250 - Train Loss: 0.179901, Val Loss: 0.187629[0m
2025-12-29 14:58:55,277 | INFO     | Epoch 27/250 - Train Loss: 0.179707, Val Loss: 0.172029[0m
2025-12-29 14:58:55,328 | INFO     | New best model saved with Val Loss: 0.172029
2025-12-29 15:10:03,948 | INFO     | Epoch 28/250 - Train Loss: 0.173331, Val Loss: 0.168361[0m
2025-12-29 15:10:04,009 | INFO     | New best model saved with Val Loss: 0.168361
2025-12-29 15:21:12,730 | INFO     | Epoch 29/250 - Train Loss: 0.172087, Val Loss: 0.163416[0m
2025-12-29 15:21:12,781 | INFO     | New best model saved with Val Loss: 0.163416
2025-12-29 15:32:21,501 | INFO     | Epoch 30/250 - Train Loss: 0.166316, Val Loss: 0.163120[0m
2025-12-29 15:32:21,556 | INFO     | New best model saved with Val Loss: 0.163120
2025-12-29 15:43:30,305 | INFO     | Epoch 31/250 - Train Loss: 0.159763, Val Loss: 0.161301[0m
2025-12-29 15:43:30,361 | INFO     | New best model saved with Val Loss: 0.161301
2025-12-29 15:54:39,241 | INFO     | Epoch 32/250 - Train Loss: 0.156881, Val Loss: 0.151589[0m
2025-12-29 15:54:39,293 | INFO     | New best model saved with Val Loss: 0.151589
2025-12-29 16:05:48,067 | INFO     | Epoch 33/250 - Train Loss: 0.153818, Val Loss: 0.144246[0m
2025-12-29 16:05:48,124 | INFO     | New best model saved with Val Loss: 0.144246
2025-12-29 16:16:56,847 | INFO     | Epoch 34/250 - Train Loss: 0.153271, Val Loss: 0.157869[0m
2025-12-29 16:28:05,612 | INFO     | Epoch 35/250 - Train Loss: 0.143570, Val Loss: 0.143915[0m
2025-12-29 16:28:05,670 | INFO     | New best model saved with Val Loss: 0.143915
2025-12-29 16:39:14,447 | INFO     | Epoch 36/250 - Train Loss: 0.139884, Val Loss: 0.142077[0m
2025-12-29 16:39:14,502 | INFO     | New best model saved with Val Loss: 0.142077
2025-12-29 16:50:23,271 | INFO     | Epoch 37/250 - Train Loss: 0.138585, Val Loss: 0.140677[0m
2025-12-29 16:50:23,327 | INFO     | New best model saved with Val Loss: 0.140677
2025-12-29 17:01:32,150 | INFO     | Epoch 38/250 - Train Loss: 0.135224, Val Loss: 0.140481[0m
2025-12-29 17:01:32,202 | INFO     | New best model saved with Val Loss: 0.140481
2025-12-29 17:12:40,932 | INFO     | Epoch 39/250 - Train Loss: 0.132206, Val Loss: 0.131914[0m
2025-12-29 17:12:40,987 | INFO     | New best model saved with Val Loss: 0.131914
2025-12-29 17:23:49,659 | INFO     | Epoch 40/250 - Train Loss: 0.132723, Val Loss: 0.124782[0m
2025-12-29 17:23:49,712 | INFO     | New best model saved with Val Loss: 0.124782
2025-12-29 17:34:58,460 | INFO     | Epoch 41/250 - Train Loss: 0.128578, Val Loss: 0.140320[0m
2025-12-29 17:46:07,272 | INFO     | Epoch 42/250 - Train Loss: 0.126947, Val Loss: 0.124196[0m
2025-12-29 17:46:07,323 | INFO     | New best model saved with Val Loss: 0.124196
2025-12-29 17:57:16,048 | INFO     | Epoch 43/250 - Train Loss: 0.123343, Val Loss: 0.115167[0m
2025-12-29 17:57:16,102 | INFO     | New best model saved with Val Loss: 0.115167
2025-12-29 18:08:24,834 | INFO     | Epoch 44/250 - Train Loss: 0.123077, Val Loss: 0.137000[0m
2025-12-29 18:19:33,634 | INFO     | Epoch 45/250 - Train Loss: 0.120724, Val Loss: 0.115581[0m
2025-12-29 18:30:42,434 | INFO     | Epoch 46/250 - Train Loss: 0.118600, Val Loss: 0.109674[0m
2025-12-29 18:30:42,486 | INFO     | New best model saved with Val Loss: 0.109674
2025-12-29 18:41:51,239 | INFO     | Epoch 47/250 - Train Loss: 0.117357, Val Loss: 0.115043[0m
2025-12-29 18:52:59,982 | INFO     | Epoch 48/250 - Train Loss: 0.116927, Val Loss: 0.115374[0m
2025-12-29 19:04:08,615 | INFO     | Epoch 49/250 - Train Loss: 0.112854, Val Loss: 0.110479[0m
2025-12-29 19:15:17,320 | INFO     | Epoch 50/250 - Train Loss: 0.113441, Val Loss: 0.101522[0m
2025-12-29 19:15:17,378 | INFO     | New best model saved with Val Loss: 0.101522
2025-12-29 19:26:26,146 | INFO     | Epoch 51/250 - Train Loss: 0.096720, Val Loss: 0.093930[0m
2025-12-29 19:26:26,200 | INFO     | New best model saved with Val Loss: 0.093930
2025-12-29 19:37:34,929 | INFO     | Epoch 52/250 - Train Loss: 0.094662, Val Loss: 0.094507[0m
2025-12-29 19:48:43,703 | INFO     | Epoch 53/250 - Train Loss: 0.094176, Val Loss: 0.091621[0m
2025-12-29 19:48:43,759 | INFO     | New best model saved with Val Loss: 0.091621
2025-12-29 19:59:52,511 | INFO     | Epoch 54/250 - Train Loss: 0.092691, Val Loss: 0.095716[0m
2025-12-29 20:11:01,267 | INFO     | Epoch 55/250 - Train Loss: 0.091705, Val Loss: 0.088896[0m
2025-12-29 20:11:01,319 | INFO     | New best model saved with Val Loss: 0.088896
2025-12-29 20:22:10,070 | INFO     | Epoch 56/250 - Train Loss: 0.090483, Val Loss: 0.085897[0m
2025-12-29 20:22:10,124 | INFO     | New best model saved with Val Loss: 0.085897
2025-12-29 20:33:18,804 | INFO     | Epoch 57/250 - Train Loss: 0.090111, Val Loss: 0.087845[0m
2025-12-29 20:44:27,599 | INFO     | Epoch 58/250 - Train Loss: 0.088308, Val Loss: 0.087236[0m
2025-12-29 20:55:36,373 | INFO     | Epoch 59/250 - Train Loss: 0.087964, Val Loss: 0.083776[0m
2025-12-29 20:55:36,428 | INFO     | New best model saved with Val Loss: 0.083776
2025-12-29 21:06:45,161 | INFO     | Epoch 60/250 - Train Loss: 0.087698, Val Loss: 0.085688[0m
2025-12-29 21:17:53,905 | INFO     | Epoch 61/250 - Train Loss: 0.086880, Val Loss: 0.086619[0m
2025-12-29 21:29:02,596 | INFO     | Epoch 62/250 - Train Loss: 0.085049, Val Loss: 0.082076[0m
2025-12-29 21:29:02,654 | INFO     | New best model saved with Val Loss: 0.082076
2025-12-29 21:40:11,393 | INFO     | Epoch 63/250 - Train Loss: 0.084906, Val Loss: 0.084004[0m
2025-12-29 21:51:20,206 | INFO     | Epoch 64/250 - Train Loss: 0.085340, Val Loss: 0.082864[0m
2025-12-29 22:02:29,018 | INFO     | Epoch 65/250 - Train Loss: 0.083515, Val Loss: 0.081311[0m
2025-12-29 22:02:29,074 | INFO     | New best model saved with Val Loss: 0.081311
2025-12-29 22:13:37,844 | INFO     | Epoch 66/250 - Train Loss: 0.083553, Val Loss: 0.083962[0m
2025-12-29 22:24:46,637 | INFO     | Epoch 67/250 - Train Loss: 0.082749, Val Loss: 0.087983[0m
2025-12-29 22:35:55,452 | INFO     | Epoch 68/250 - Train Loss: 0.082061, Val Loss: 0.083904[0m
2025-12-29 22:47:04,235 | INFO     | Epoch 69/250 - Train Loss: 0.081513, Val Loss: 0.078338[0m
2025-12-29 22:47:04,287 | INFO     | New best model saved with Val Loss: 0.078338
2025-12-29 22:58:13,109 | INFO     | Epoch 70/250 - Train Loss: 0.080896, Val Loss: 0.084258[0m
2025-12-29 23:09:21,883 | INFO     | Epoch 71/250 - Train Loss: 0.080701, Val Loss: 0.079417[0m
2025-12-29 23:20:30,675 | INFO     | Epoch 72/250 - Train Loss: 0.079932, Val Loss: 0.082540[0m
2025-12-29 23:31:39,549 | INFO     | Epoch 73/250 - Train Loss: 0.079347, Val Loss: 0.082289[0m
2025-12-29 23:42:48,452 | INFO     | Epoch 74/250 - Train Loss: 0.078588, Val Loss: 0.078963[0m
2025-12-29 23:53:57,392 | INFO     | Epoch 75/250 - Train Loss: 0.077103, Val Loss: 0.075515[0m
2025-12-29 23:53:57,447 | INFO     | New best model saved with Val Loss: 0.075515
2025-12-30 00:05:06,285 | INFO     | Epoch 76/250 - Train Loss: 0.079062, Val Loss: 0.078758[0m
2025-12-30 00:16:15,135 | INFO     | Epoch 77/250 - Train Loss: 0.078573, Val Loss: 0.082722[0m
2025-12-30 00:27:23,996 | INFO     | Epoch 78/250 - Train Loss: 0.076426, Val Loss: 0.075972[0m
2025-12-30 00:38:32,903 | INFO     | Epoch 79/250 - Train Loss: 0.076673, Val Loss: 0.079974[0m
2025-12-30 00:49:41,752 | INFO     | Epoch 80/250 - Train Loss: 0.076194, Val Loss: 0.076939[0m
2025-12-30 01:00:50,649 | INFO     | Epoch 81/250 - Train Loss: 0.076070, Val Loss: 0.074633[0m
2025-12-30 01:00:50,708 | INFO     | New best model saved with Val Loss: 0.074633
2025-12-30 01:11:59,599 | INFO     | Epoch 82/250 - Train Loss: 0.075471, Val Loss: 0.075392[0m
2025-12-30 01:23:08,468 | INFO     | Epoch 83/250 - Train Loss: 0.075380, Val Loss: 0.075346[0m
2025-12-30 01:34:17,375 | INFO     | Epoch 84/250 - Train Loss: 0.074558, Val Loss: 0.074837[0m
2025-12-30 01:45:26,218 | INFO     | Epoch 85/250 - Train Loss: 0.073712, Val Loss: 0.075323[0m
2025-12-30 01:56:35,036 | INFO     | Epoch 86/250 - Train Loss: 0.073764, Val Loss: 0.071134[0m
2025-12-30 01:56:35,091 | INFO     | New best model saved with Val Loss: 0.071134
2025-12-30 02:07:43,935 | INFO     | Epoch 87/250 - Train Loss: 0.073906, Val Loss: 0.073935[0m
2025-12-30 02:18:52,819 | INFO     | Epoch 88/250 - Train Loss: 0.073754, Val Loss: 0.073306[0m
2025-12-30 02:30:01,669 | INFO     | Epoch 89/250 - Train Loss: 0.073118, Val Loss: 0.077341[0m
2025-12-30 02:41:10,541 | INFO     | Epoch 90/250 - Train Loss: 0.072231, Val Loss: 0.075852[0m
2025-12-30 02:52:19,407 | INFO     | Epoch 91/250 - Train Loss: 0.072041, Val Loss: 0.073114[0m
2025-12-30 03:03:28,247 | INFO     | Epoch 92/250 - Train Loss: 0.072346, Val Loss: 0.072776[0m
2025-12-30 03:14:37,153 | INFO     | Epoch 93/250 - Train Loss: 0.072042, Val Loss: 0.072765[0m
2025-12-30 03:25:46,013 | INFO     | Epoch 94/250 - Train Loss: 0.071244, Val Loss: 0.070192[0m
2025-12-30 03:25:46,068 | INFO     | New best model saved with Val Loss: 0.070192
2025-12-30 03:36:54,919 | INFO     | Epoch 95/250 - Train Loss: 0.070847, Val Loss: 0.073722[0m
2025-12-30 03:48:03,779 | INFO     | Epoch 96/250 - Train Loss: 0.070514, Val Loss: 0.075364[0m
2025-12-30 03:59:12,581 | INFO     | Epoch 97/250 - Train Loss: 0.070641, Val Loss: 0.072570[0m
2025-12-30 04:10:21,405 | INFO     | Epoch 98/250 - Train Loss: 0.070006, Val Loss: 0.073395[0m
2025-12-30 04:21:30,265 | INFO     | Epoch 99/250 - Train Loss: 0.069786, Val Loss: 0.069457[0m
2025-12-30 04:21:30,319 | INFO     | New best model saved with Val Loss: 0.069457
2025-12-30 04:32:39,208 | INFO     | Epoch 100/250 - Train Loss: 0.070069, Val Loss: 0.070770[0m
2025-12-30 04:43:48,051 | INFO     | Epoch 101/250 - Train Loss: 0.062574, Val Loss: 0.064087[0m
2025-12-30 04:43:48,107 | INFO     | New best model saved with Val Loss: 0.064087
2025-12-30 04:54:56,919 | INFO     | Epoch 102/250 - Train Loss: 0.061917, Val Loss: 0.063520[0m
2025-12-30 04:54:56,972 | INFO     | New best model saved with Val Loss: 0.063520
2025-12-30 05:06:05,809 | INFO     | Epoch 103/250 - Train Loss: 0.061652, Val Loss: 0.064815[0m
2025-12-30 05:17:14,671 | INFO     | Epoch 104/250 - Train Loss: 0.061347, Val Loss: 0.063163[0m
2025-12-30 05:17:14,724 | INFO     | New best model saved with Val Loss: 0.063163
2025-12-30 05:28:23,652 | INFO     | Epoch 105/250 - Train Loss: 0.061084, Val Loss: 0.064886[0m
2025-12-30 05:39:32,533 | INFO     | Epoch 106/250 - Train Loss: 0.061490, Val Loss: 0.063516[0m
2025-12-30 05:50:41,385 | INFO     | Epoch 107/250 - Train Loss: 0.060759, Val Loss: 0.066189[0m
2025-12-30 06:01:50,330 | INFO     | Epoch 108/250 - Train Loss: 0.061052, Val Loss: 0.063750[0m
2025-12-30 06:12:59,239 | INFO     | Epoch 109/250 - Train Loss: 0.060534, Val Loss: 0.063889[0m
2025-12-30 06:24:08,167 | INFO     | Epoch 110/250 - Train Loss: 0.060479, Val Loss: 0.064279[0m
2025-12-30 06:35:17,095 | INFO     | Epoch 111/250 - Train Loss: 0.059805, Val Loss: 0.063722[0m
2025-12-30 06:46:25,960 | INFO     | Epoch 112/250 - Train Loss: 0.059620, Val Loss: 0.063537[0m
2025-12-30 06:57:34,867 | INFO     | Epoch 113/250 - Train Loss: 0.059552, Val Loss: 0.063670[0m
2025-12-30 07:08:43,786 | INFO     | Epoch 114/250 - Train Loss: 0.059819, Val Loss: 0.063129[0m
2025-12-30 07:08:43,842 | INFO     | New best model saved with Val Loss: 0.063129
2025-12-30 07:19:52,763 | INFO     | Epoch 115/250 - Train Loss: 0.059185, Val Loss: 0.064205[0m
2025-12-30 07:31:01,692 | INFO     | Epoch 116/250 - Train Loss: 0.059637, Val Loss: 0.062296[0m
2025-12-30 07:31:01,744 | INFO     | New best model saved with Val Loss: 0.062296
2025-12-30 07:42:10,681 | INFO     | Epoch 117/250 - Train Loss: 0.058741, Val Loss: 0.062738[0m
2025-12-30 07:53:19,590 | INFO     | Epoch 118/250 - Train Loss: 0.058927, Val Loss: 0.063393[0m
2025-12-30 08:04:28,524 | INFO     | Epoch 119/250 - Train Loss: 0.059023, Val Loss: 0.065224[0m
2025-12-30 08:15:37,439 | INFO     | Epoch 120/250 - Train Loss: 0.059038, Val Loss: 0.062950[0m
2025-12-30 08:26:46,304 | INFO     | Epoch 121/250 - Train Loss: 0.057968, Val Loss: 0.062271[0m
2025-12-30 08:26:46,356 | INFO     | New best model saved with Val Loss: 0.062271
2025-12-30 08:37:55,279 | INFO     | Epoch 122/250 - Train Loss: 0.058933, Val Loss: 0.069708[0m
2025-12-30 08:49:04,237 | INFO     | Epoch 123/250 - Train Loss: 0.059156, Val Loss: 0.061631[0m
2025-12-30 08:49:04,292 | INFO     | New best model saved with Val Loss: 0.061631
2025-12-30 09:00:13,249 | INFO     | Epoch 124/250 - Train Loss: 0.057829, Val Loss: 0.062036[0m
2025-12-30 09:11:22,226 | INFO     | Epoch 125/250 - Train Loss: 0.057749, Val Loss: 0.063114[0m
2025-12-30 09:22:31,171 | INFO     | Epoch 126/250 - Train Loss: 0.057744, Val Loss: 0.061571[0m
2025-12-30 09:22:31,220 | INFO     | New best model saved with Val Loss: 0.061571
2025-12-30 09:33:40,127 | INFO     | Epoch 127/250 - Train Loss: 0.057155, Val Loss: 0.061369[0m
2025-12-30 09:33:40,174 | INFO     | New best model saved with Val Loss: 0.061369
2025-12-30 09:44:49,047 | INFO     | Epoch 128/250 - Train Loss: 0.057234, Val Loss: 0.064061[0m
2025-12-30 09:55:57,919 | INFO     | Epoch 129/250 - Train Loss: 0.058025, Val Loss: 0.062953[0m
2025-12-30 10:07:06,815 | INFO     | Epoch 130/250 - Train Loss: 0.056803, Val Loss: 0.060201[0m
2025-12-30 10:07:06,867 | INFO     | New best model saved with Val Loss: 0.060201
2025-12-30 10:18:15,725 | INFO     | Epoch 131/250 - Train Loss: 0.056223, Val Loss: 0.061884[0m
2025-12-30 10:29:24,689 | INFO     | Epoch 132/250 - Train Loss: 0.057158, Val Loss: 0.062352[0m
2025-12-30 10:40:33,595 | INFO     | Epoch 133/250 - Train Loss: 0.056742, Val Loss: 0.060915[0m
2025-12-30 10:51:42,510 | INFO     | Epoch 134/250 - Train Loss: 0.056625, Val Loss: 0.062558[0m
2025-12-30 11:02:51,453 | INFO     | Epoch 135/250 - Train Loss: 0.056472, Val Loss: 0.059433[0m
2025-12-30 11:02:51,509 | INFO     | New best model saved with Val Loss: 0.059433
2025-12-30 11:14:00,436 | INFO     | Epoch 136/250 - Train Loss: 0.055982, Val Loss: 0.061086[0m
2025-12-30 11:25:09,343 | INFO     | Epoch 137/250 - Train Loss: 0.055898, Val Loss: 0.061803[0m
2025-12-30 11:36:18,230 | INFO     | Epoch 138/250 - Train Loss: 0.055404, Val Loss: 0.059691[0m
2025-12-30 11:47:27,062 | INFO     | Epoch 139/250 - Train Loss: 0.056539, Val Loss: 0.061351[0m
2025-12-30 11:58:35,957 | INFO     | Epoch 140/250 - Train Loss: 0.055749, Val Loss: 0.060255[0m
2025-12-30 12:09:44,839 | INFO     | Epoch 141/250 - Train Loss: 0.055614, Val Loss: 0.063094[0m
2025-12-30 12:20:53,789 | INFO     | Epoch 142/250 - Train Loss: 0.055914, Val Loss: 0.058721[0m
2025-12-30 12:20:53,843 | INFO     | New best model saved with Val Loss: 0.058721
2025-12-30 12:32:02,712 | INFO     | Epoch 143/250 - Train Loss: 0.055907, Val Loss: 0.061369[0m
2025-12-30 12:43:11,554 | INFO     | Epoch 144/250 - Train Loss: 0.055882, Val Loss: 0.061622[0m
2025-12-30 12:54:20,474 | INFO     | Epoch 145/250 - Train Loss: 0.055346, Val Loss: 0.059345[0m
2025-12-30 13:05:29,400 | INFO     | Epoch 146/250 - Train Loss: 0.054329, Val Loss: 0.062901[0m
2025-12-30 13:16:38,286 | INFO     | Epoch 147/250 - Train Loss: 0.054601, Val Loss: 0.058644[0m
2025-12-30 13:16:38,339 | INFO     | New best model saved with Val Loss: 0.058644
2025-12-30 13:27:47,213 | INFO     | Epoch 148/250 - Train Loss: 0.054353, Val Loss: 0.058998[0m
2025-12-30 13:38:56,127 | INFO     | Epoch 149/250 - Train Loss: 0.054453, Val Loss: 0.059259[0m
2025-12-30 13:50:05,037 | INFO     | Epoch 150/250 - Train Loss: 0.054213, Val Loss: 0.062748[0m
2025-12-30 14:01:14,019 | INFO     | Epoch 151/250 - Train Loss: 0.051328, Val Loss: 0.057354[0m
2025-12-30 14:01:14,072 | INFO     | New best model saved with Val Loss: 0.057354
